personnel_id,deployment_days,deployment_frequency,operational_exposure
P0001,77,1,1
P0002,97,3,10
P0003,101,3,6
P0004,69,1,6
P0005,42,2,10
P0006,118,1,5
P0007,20,2,5
P0008,37,0,8
P0009,37,1,6
P0010,104,2,10
P0011,11,1,2
P0012,7,2,7
P0013,96,2,3
P0014,31,3,8
P0015,23,0,8
P0016,27,0,7
P0017,37,0,3
P0018,85,2,7
P0019,31,0,4
P0020,92,1,7
P0021,72,2,6
P0022,114,1,9
P0023,86,1,9
P0024,98,2,7
P0025,22,3,3
P0026,13,6,1
P0027,15,0,10
P0028,32,0,3
P0029,21,1,5
P0030,74,0,10
P0031,43,3,2
P0032,117,2,2
P0033,83,2,4
P0034,42,2,2
P0035,106,1,2
P0036,3,1,7
P0037,85,2,4
P0038,34,2,6
P0039,47,2,7
P0040,31,0,6
P0041,13,1,5
P0042,116,4,10
P0043,58,1,9
P0044,65,1,8
P0045,47,1,9
P0046,120,4,7
P0047,21,4,6
P0048,5,4,9
P0049,61,0,8
P0050,8,4,7
P0051,97,0,4
P0052,66,0,2
P0053,80,1,6
P0054,65,0,5
P0055,103,3,2
P0056,5,3,8
P0057,7,2,8
P0058,95,2,4
P0059,2,3,10
P0060,102,2,10
P0061,21,2,2
P0062,81,1,10
P0063,10,4,10
P0064,99,4,7
P0065,113,1,8
P0066,55,0,8
P0067,4,1,2
P0068,32,2,7
P0069,114,1,10
P0070,25,2,2
P0071,31,1,5
P0072,67,4,5
P0073,18,0,9
P0074,53,2,8
P0075,79,0,6
P0076,4,4,5
P0077,21,1,4
P0078,64,1,6
P0079,67,1,7
P0080,111,4,1
P0081,15,4,1
P0082,31,2,5
P0083,63,2,8
P0084,8,0,2
P0085,67,2,2
P0086,104,4,6
P0087,63,1,7
P0088,29,2,1
P0089,114,2,5
P0090,5,2,8
P0091,40,0,6
P0092,8,4,7
P0093,19,2,10
P0094,56,3,5
P0095,59,1,8
P0096,62,2,1
P0097,119,0,9
P0098,63,3,4
P0099,10,4,9
P0100,5,4,3
P0101,29,3,3
P0102,120,2,4
P0103,109,7,4
P0104,42,2,7
P0105,41,1,7
P0106,42,2,8
P0107,28,0,1
P0108,112,0,8
P0109,115,3,8
P0110,38,2,4
P0111,80,1,1
P0112,82,1,1
P0113,103,0,9
P0114,58,1,2
P0115,2,3,8
P0116,42,2,3
P0117,82,2,9
P0118,40,2,9
P0119,69,2,2
P0120,71,2,5
P0121,120,2,9
P0122,49,2,2
P0123,26,1,7
P0124,60,2,1
P0125,31,1,2
P0126,31,1,2
P0127,92,4,6
P0128,54,6,10
P0129,18,2,2
P0130,57,0,7
P0131,25,0,3
P0132,34,2,10
P0133,2,3,10
P0134,56,0,9
P0135,61,3,7
P0136,25,1,4
P0137,106,1,7
P0138,110,3,3
P0139,84,0,1
P0140,69,2,9
P0141,76,5,7
P0142,72,3,2
P0143,94,0,6
P0144,75,5,4
P0145,117,1,10
P0146,103,0,2
P0147,115,0,7
P0148,74,5,5
P0149,79,0,3
P0150,79,4,2
P0151,102,5,10
P0152,68,1,5
P0153,110,1,3
P0154,14,0,1
P0155,37,1,1
P0156,2,0,8
P0157,69,4,6
P0158,5,1,10
P0159,60,3,2
P0160,30,1,10
P0161,54,6,8
P0162,11,1,2
P0163,77,4,1
P0164,92,3,6
P0165,63,5,5
P0166,81,2,5
P0167,92,2,5
P0168,12,0,8
P0169,42,1,1
P0170,38,0,6
P0171,25,3,2
P0172,21,1,8
P0173,3,0,4
P0174,38,4,5
P0175,86,2,6
P0176,101,0,3
P0177,80,3,8
P0178,72,2,8
P0179,34,1,8
P0180,48,2,6
P0181,77,4,5
P0182,49,5,8
P0183,29,0,8
P0184,101,2,6
P0185,95,1,3
P0186,29,0,1
P0187,45,3,4
P0188,29,3,10
P0189,85,5,10
P0190,116,3,4
P0191,51,2,6
P0192,51,3,3
P0193,3,2,2
P0194,25,1,1
P0195,43,3,6
P0196,44,2,4
P0197,51,4,3
P0198,93,0,5
P0199,118,2,8
P0200,93,5,10
P0201,24,1,2
P0202,108,4,5
P0203,15,3,2
P0204,54,1,10
P0205,6,2,6
P0206,19,1,5
P0207,81,3,1
P0208,26,2,4
P0209,52,4,10
P0210,57,2,3
P0211,106,2,4
P0212,90,1,2
P0213,8,1,2
P0214,71,1,9
P0215,94,1,7
P0216,37,2,3
P0217,90,3,9
P0218,1,1,9
P0219,104,1,7
P0220,49,4,2
P0221,36,2,5
P0222,110,1,5
P0223,83,0,9
P0224,4,4,4
P0225,102,2,8
P0226,0,2,5
P0227,4,2,3
P0228,114,6,2
P0229,90,2,4
P0230,115,2,1
P0231,55,1,1
P0232,52,1,2
P0233,11,1,7
P0234,14,4,1
P0235,106,1,9
P0236,40,2,2
P0237,105,2,1
P0238,43,3,3
P0239,120,2,6
P0240,10,2,10
P0241,9,4,1
P0242,37,2,10
P0243,69,3,4
P0244,115,0,10
P0245,45,2,7
P0246,69,1,3
P0247,73,0,10
P0248,41,2,6
P0249,112,3,1
P0250,117,1,8
P0251,62,2,5
P0252,28,2,7
P0253,71,2,5
P0254,27,2,1
P0255,54,1,10
P0256,22,2,10
P0257,46,0,9
P0258,12,1,10
P0259,65,2,5
P0260,11,6,2
P0261,92,1,2
P0262,72,3,4
P0263,22,1,8
P0264,58,0,8
P0265,17,3,8
P0266,55,1,2
P0267,82,3,5
P0268,61,2,1
P0269,90,3,2
P0270,43,3,9
P0271,104,0,9
P0272,66,0,9
P0273,77,1,7
P0274,60,0,9
P0275,99,2,4
P0276,26,3,10
P0277,38,1,4
P0278,101,1,4
P0279,65,2,6
P0280,100,2,2
P0281,8,1,3
P0282,112,0,3
P0283,99,2,3
P0284,28,3,6
P0285,51,1,6
P0286,89,5,8
P0287,55,0,10
P0288,59,0,6
P0289,111,1,10
P0290,104,2,7
P0291,51,3,5
P0292,73,2,4
P0293,103,3,8
P0294,102,0,8
P0295,12,0,6
P0296,6,2,7
P0297,25,3,4
P0298,1,1,10
P0299,76,4,9
P0300,5,3,10
P0301,94,2,3
P0302,28,2,8
P0303,53,2,1
P0304,11,0,10
P0305,98,1,9
P0306,23,2,6
P0307,84,1,7
P0308,9,0,4
P0309,111,2,4
P0310,8,3,4
P0311,0,0,8
P0312,91,2,5
P0313,105,3,1
P0314,26,1,6
P0315,44,3,10
P0316,111,2,9
P0317,110,4,7
P0318,45,1,6
P0319,64,2,6
P0320,92,2,7
P0321,51,1,10
P0322,19,1,6
P0323,43,0,7
P0324,15,6,10
P0325,7,2,4
P0326,52,1,5
P0327,111,4,7
P0328,66,0,6
P0329,76,3,3
P0330,91,2,6
P0331,62,3,6
P0332,30,0,8
P0333,1,3,4
P0334,87,1,8
P0335,120,4,4
P0336,72,3,3
P0337,118,1,8
P0338,69,0,10
P0339,115,1,7
P0340,90,3,4
P0341,110,0,2
P0342,76,3,10
P0343,32,4,9
P0344,79,3,1
P0345,23,4,8
P0346,0,4,6
P0347,12,3,3
P0348,14,2,2
P0349,48,2,6
P0350,1,0,2
P0351,39,3,8
P0352,107,1,8
P0353,60,1,10
P0354,6,2,6
P0355,91,1,6
P0356,23,1,8
P0357,63,2,10
P0358,43,4,7
P0359,53,3,9
P0360,35,0,9
P0361,8,1,2
P0362,15,0,1
P0363,97,3,2
P0364,58,2,4
P0365,58,1,10
P0366,93,0,9
P0367,85,2,5
P0368,35,2,6
P0369,27,1,8
P0370,61,4,6
P0371,104,2,9
P0372,5,4,8
P0373,50,2,7
P0374,91,1,1
P0375,46,2,1
P0376,59,2,3
P0377,57,1,9
P0378,93,1,1
P0379,100,2,8
P0380,11,0,9
P0381,63,2,6
P0382,64,4,6
P0383,102,2,6
P0384,116,4,10
P0385,60,2,4
P0386,102,2,1
P0387,20,1,7
P0388,107,1,7
P0389,50,0,2
P0390,5,1,9
P0391,116,1,9
P0392,47,0,4
P0393,26,1,10
P0394,13,2,8
P0395,52,0,9
P0396,49,1,9
P0397,93,0,4
P0398,115,1,1
P0399,112,3,3
P0400,38,2,8
P0401,45,2,4
P0402,3,3,5
P0403,86,1,7
P0404,71,1,2
P0405,50,3,2
P0406,29,2,7
P0407,101,0,7
P0408,52,3,2
P0409,119,0,9
P0410,90,3,7
P0411,92,3,2
P0412,24,1,8
P0413,5,4,2
P0414,118,0,1
P0415,58,1,6
P0416,81,2,4
P0417,53,3,7
P0418,22,5,3
P0419,81,3,6
P0420,102,2,3
P0421,72,5,3
P0422,1,3,7
P0423,30,1,2
P0424,85,1,5
P0425,63,2,6
P0426,92,2,7
P0427,9,0,10
P0428,89,0,5
P0429,39,0,6
P0430,3,3,9
P0431,2,1,3
P0432,16,1,4
P0433,16,2,3
P0434,77,2,8
P0435,82,1,8
P0436,73,1,4
P0437,120,2,6
P0438,79,1,10
P0439,100,4,7
P0440,57,2,8
P0441,52,3,1
P0442,111,1,2
P0443,74,2,10
P0444,55,4,3
P0445,108,1,8
P0446,68,3,10
P0447,11,3,4
P0448,58,2,9
P0449,31,1,10
P0450,62,4,4
P0451,72,1,7
P0452,77,3,9
P0453,69,3,4
P0454,115,4,9
P0455,75,3,7
P0456,18,2,1
P0457,22,2,4
P0458,117,3,8
P0459,87,2,5
P0460,23,1,2
P0461,61,6,5
P0462,103,4,3
P0463,32,1,2
P0464,80,3,10
P0465,78,2,9
P0466,25,2,4
P0467,62,4,6
P0468,3,2,9
P0469,39,1,8
P0470,68,2,5
P0471,90,0,4
P0472,81,0,2
P0473,93,3,8
P0474,120,3,3
P0475,60,2,6
P0476,88,2,7
P0477,59,0,3
P0478,18,2,1
P0479,9,1,1
P0480,59,2,4
P0481,98,1,8
P0482,9,1,7
P0483,82,3,6
P0484,47,0,4
P0485,6,3,4
P0486,118,1,3
P0487,3,3,2
P0488,91,0,9
P0489,45,3,3
P0490,40,5,9
P0491,24,0,1
P0492,53,3,1
P0493,72,1,4
P0494,35,2,6
P0495,116,3,7
P0496,98,0,3
P0497,109,0,7
P0498,93,2,7
P0499,15,2,3
P0500,69,0,1
P0501,93,1,2
P0502,91,1,9
P0503,74,2,8
P0504,2,3,4
P0505,21,4,7
P0506,116,2,7
P0507,114,5,3
P0508,20,2,2
P0509,53,2,5
P0510,35,3,4
P0511,91,0,10
P0512,9,2,4
P0513,57,2,6
P0514,62,2,1
P0515,40,1,5
P0516,2,1,7
P0517,108,3,8
P0518,11,3,8
P0519,27,0,5
P0520,63,3,8
P0521,62,4,3
P0522,39,1,5
P0523,98,4,4
P0524,109,3,6
P0525,81,0,5
P0526,90,3,7
P0527,19,3,5
P0528,80,1,10
P0529,11,3,7
P0530,66,2,10
P0531,22,2,8
P0532,89,2,4
P0533,17,1,2
P0534,41,0,10
P0535,108,2,3
P0536,106,1,9
P0537,62,1,8
P0538,113,2,4
P0539,33,1,6
P0540,3,2,4
P0541,74,3,2
P0542,103,0,4
P0543,86,1,1
P0544,109,5,4
P0545,109,1,8
P0546,46,1,10
P0547,38,2,3
P0548,59,2,4
P0549,103,3,4
P0550,109,1,5
P0551,64,2,8
P0552,16,0,1
P0553,36,3,5
P0554,12,1,8
P0555,118,3,9
P0556,10,3,1
P0557,78,1,9
P0558,118,1,3
P0559,18,2,5
P0560,67,5,7
P0561,109,2,2
P0562,82,0,7
P0563,18,1,7
P0564,66,4,1
P0565,51,2,3
P0566,101,1,5
P0567,60,3,1
P0568,14,2,3
P0569,75,0,1
P0570,92,1,9
P0571,95,1,10
P0572,88,4,10
P0573,7,3,3
P0574,65,1,9
P0575,91,1,7
P0576,20,0,4
P0577,47,2,8
P0578,85,5,5
P0579,46,3,10
P0580,63,1,5
P0581,39,0,1
P0582,37,3,4
P0583,112,1,10
P0584,28,2,3
P0585,79,3,8
P0586,6,4,6
P0587,113,3,8
P0588,24,1,8
P0589,42,1,6
P0590,25,0,9
P0591,41,2,8
P0592,62,1,6
P0593,88,2,10
P0594,56,3,3
P0595,14,2,1
P0596,78,6,7
P0597,56,1,10
P0598,64,3,7
P0599,97,3,10
P0600,15,2,4
P0601,115,4,3
P0602,1,3,2
P0603,43,2,8
P0604,68,4,5
P0605,36,1,6
P0606,24,5,7
P0607,84,0,8
P0608,41,3,8
P0609,81,2,5
P0610,17,0,9
P0611,53,1,1
P0612,40,1,8
P0613,10,2,6
P0614,41,5,10
P0615,51,5,3
P0616,13,0,2
P0617,61,3,2
P0618,33,1,7
P0619,64,2,1
P0620,78,4,7
P0621,37,3,7
P0622,44,1,6
P0623,85,2,4
P0624,3,1,10
P0625,53,0,6
P0626,59,1,8
P0627,104,0,3
P0628,81,1,2
P0629,58,0,2
P0630,3,1,1
P0631,60,1,6
P0632,111,1,6
P0633,72,1,7
P0634,35,2,9
P0635,23,1,10
P0636,39,0,4
P0637,118,3,10
P0638,21,3,6
P0639,104,3,4
P0640,112,2,8
P0641,42,2,7
P0642,18,1,7
P0643,55,1,7
P0644,24,3,1
P0645,61,2,8
P0646,82,2,2
P0647,114,5,8
P0648,93,0,8
P0649,114,3,6
P0650,9,1,1
P0651,35,1,1
P0652,105,5,6
P0653,5,1,8
P0654,90,1,8
P0655,86,4,5
P0656,16,4,1
P0657,4,3,9
P0658,70,3,5
P0659,63,1,1
P0660,69,1,5
P0661,18,1,7
P0662,78,4,1
P0663,5,1,4
P0664,36,1,4
P0665,17,3,2
P0666,0,1,6
P0667,70,2,9
P0668,6,2,2
P0669,42,2,3
P0670,53,1,7
P0671,53,1,2
P0672,56,1,7
P0673,106,7,10
P0674,119,3,9
P0675,74,3,7
P0676,57,3,5
P0677,47,0,3
P0678,95,0,6
P0679,34,2,9
P0680,51,3,4
P0681,100,2,4
P0682,92,3,1
P0683,71,7,2
P0684,84,0,8
P0685,6,2,5
P0686,98,0,8
P0687,65,1,4
P0688,58,1,10
P0689,12,3,1
P0690,10,1,1
P0691,89,1,4
P0692,55,0,8
P0693,47,3,5
P0694,101,0,5
P0695,20,2,10
P0696,97,5,10
P0697,40,3,9
P0698,95,0,6
P0699,83,2,9
P0700,53,2,2
P0701,63,2,2
P0702,67,1,10
P0703,69,1,2
P0704,117,1,3
P0705,4,1,8
P0706,18,3,3
P0707,100,1,4
P0708,116,0,7
P0709,48,3,10
P0710,18,5,8
P0711,77,2,8
P0712,28,2,4
P0713,60,3,8
P0714,64,0,9
P0715,33,0,4
P0716,29,2,9
P0717,82,0,7
P0718,68,2,10
P0719,66,1,8
P0720,39,1,7
P0721,20,1,4
P0722,49,1,7
P0723,70,5,6
P0724,26,2,6
P0725,103,3,6
P0726,58,1,2
P0727,32,1,10
P0728,33,2,7
P0729,114,1,3
P0730,31,3,4
P0731,115,0,5
P0732,15,2,9
P0733,4,1,10
P0734,27,2,9
P0735,99,1,6
P0736,14,3,9
P0737,120,2,7
P0738,40,2,9
P0739,105,1,1
P0740,16,0,6
P0741,0,1,9
P0742,53,4,1
P0743,71,3,5
P0744,24,1,9
P0745,6,2,2
P0746,34,3,5
P0747,11,0,6
P0748,82,1,1
P0749,110,1,8
P0750,47,1,7
P0751,93,2,6
P0752,63,1,9
P0753,26,1,4
P0754,28,2,4
P0755,44,4,4
P0756,44,2,1
P0757,95,0,1
P0758,114,0,4
P0759,9,0,1
P0760,100,9,4
P0761,23,3,2
P0762,116,1,5
P0763,81,2,9
P0764,89,3,4
P0765,91,5,3
P0766,106,4,3
P0767,20,1,1
P0768,64,3,9
P0769,42,2,9
P0770,59,3,5
P0771,49,4,3
P0772,85,4,6
P0773,1,1,5
P0774,77,2,4
P0775,0,3,4
P0776,101,0,10
P0777,53,2,9
P0778,90,2,7
P0779,28,3,6
P0780,39,1,2
P0781,44,3,6
P0782,103,4,7
P0783,53,1,4
P0784,100,0,2
P0785,99,1,7
P0786,99,1,1
P0787,34,3,10
P0788,110,0,6
P0789,70,3,2
P0790,102,3,5
P0791,5,0,8
P0792,73,2,10
P0793,115,4,10
P0794,40,2,10
P0795,103,4,8
P0796,58,2,8
P0797,94,0,2
P0798,84,2,4
P0799,49,2,3
P0800,101,0,2
P0801,50,3,3
P0802,85,1,10
P0803,80,4,8
P0804,90,1,4
P0805,0,3,7
P0806,98,2,4
P0807,110,0,3
P0808,38,6,7
P0809,102,2,3
P0810,59,2,10
P0811,93,1,9
P0812,113,1,1
P0813,77,4,8
P0814,83,4,1
P0815,3,2,6
P0816,91,2,8
P0817,38,1,6
P0818,56,0,10
P0819,1,1,10
P0820,11,1,6
P0821,74,1,1
P0822,100,2,1
P0823,5,1,9
P0824,43,0,8
P0825,31,0,5
P0826,43,5,5
P0827,56,1,2
P0828,77,5,4
P0829,31,2,10
P0830,11,4,2
P0831,72,2,8
P0832,12,2,8
P0833,5,3,2
P0834,86,2,6
P0835,80,2,6
P0836,19,0,2
P0837,91,2,7
P0838,103,3,7
P0839,82,2,4
P0840,99,2,4
P0841,37,0,6
P0842,28,1,4
P0843,103,5,2
P0844,71,1,7
P0845,90,2,7
P0846,34,0,10
P0847,119,1,6
P0848,54,3,4
P0849,72,2,1
P0850,2,1,6
P0851,112,2,4
P0852,115,1,10
P0853,52,3,3
P0854,5,3,9
P0855,109,1,5
P0856,16,0,9
P0857,57,3,9
P0858,36,2,10
P0859,57,2,5
P0860,111,5,4
P0861,34,1,2
P0862,114,1,2
P0863,59,2,7
P0864,0,2,8
P0865,114,2,10
P0866,21,3,10
P0867,38,1,7
P0868,43,2,2
P0869,70,1,6
P0870,52,1,5
P0871,12,1,7
P0872,31,2,4
P0873,26,1,10
P0874,88,1,9
P0875,94,3,10
P0876,110,0,7
P0877,49,5,1
P0878,97,0,2
P0879,56,6,3
P0880,27,2,5
P0881,59,5,4
P0882,81,3,3
P0883,96,2,7
P0884,36,0,5
P0885,75,1,6
P0886,41,2,9
P0887,57,2,4
P0888,7,4,9
P0889,2,3,7
P0890,78,0,7
P0891,99,1,4
P0892,7,2,10
P0893,120,1,3
P0894,107,4,1
P0895,110,5,10
P0896,9,2,6
P0897,26,1,9
P0898,51,0,6
P0899,58,1,4
P0900,55,2,4
P0901,70,2,8
P0902,78,0,10
P0903,82,2,5
P0904,60,2,6
P0905,29,4,4
P0906,100,3,2
P0907,91,2,9
P0908,62,3,7
P0909,98,1,10
P0910,34,1,5
P0911,8,2,8
P0912,90,2,4
P0913,84,2,4
P0914,52,2,5
P0915,60,2,7
P0916,112,2,6
P0917,100,3,10
P0918,73,1,8
P0919,58,3,1
P0920,86,2,10
P0921,107,3,7
P0922,57,5,2
P0923,33,3,9
P0924,44,0,7
P0925,32,2,2
P0926,60,4,8
P0927,81,0,3
P0928,31,1,2
P0929,117,4,10
P0930,106,2,6
P0931,0,1,7
P0932,86,0,2
P0933,75,0,1
P0934,106,1,1
P0935,88,0,3
P0936,27,1,4
P0937,63,3,5
P0938,22,3,2
P0939,23,3,4
P0940,40,2,9
P0941,105,2,6
P0942,63,3,4
P0943,64,5,8
P0944,85,3,2
P0945,26,1,7
P0946,97,0,5
P0947,115,1,7
P0948,66,3,10
P0949,90,3,9
P0950,84,3,9
P0951,91,1,7
P0952,13,1,8
P0953,112,2,3
P0954,76,1,4
P0955,50,1,8
P0956,97,3,4
P0957,95,1,2
P0958,58,1,10
P0959,60,1,6
P0960,43,2,7
P0961,8,1,6
P0962,35,4,10
P0963,22,3,2
P0964,34,1,10
P0965,87,2,6
P0966,62,1,3
P0967,97,3,6
P0968,56,1,9
P0969,105,4,9
P0970,106,4,5
P0971,74,0,7
P0972,98,1,10
P0973,107,0,7
P0974,33,2,10
P0975,25,1,1
P0976,86,3,1
P0977,69,1,3
P0978,45,1,8
P0979,115,7,7
P0980,40,3,7
P0981,61,1,4
P0982,5,4,2
P0983,114,0,6
P0984,70,1,4
P0985,56,5,6
P0986,117,1,8
P0987,22,3,9
P0988,3,3,8
P0989,87,2,7
P0990,15,3,6
P0991,79,2,3
P0992,37,4,2
P0993,42,0,1
P0994,25,2,7
P0995,61,2,9
P0996,43,1,1
P0997,90,1,5
P0998,79,0,10
P0999,58,3,1
P1000,64,3,8
P1001,58,4,5
P1002,111,1,1
P1003,83,3,9
P1004,115,1,2
P1005,94,0,3
P1006,25,2,7
P1007,67,1,1
P1008,25,1,6
P1009,112,0,5
P1010,6,1,6
P1011,33,2,8
P1012,28,2,1
P1013,28,2,9
P1014,1,2,4
P1015,24,3,10
P1016,75,2,7
P1017,77,1,5
P1018,37,0,6
P1019,19,3,7
P1020,33,3,2
P1021,51,3,9
P1022,17,2,10
P1023,60,3,8
P1024,86,1,7
P1025,47,2,10
P1026,78,2,3
P1027,43,4,4
P1028,39,1,3
P1029,93,0,3
P1030,78,0,2
P1031,72,4,5
P1032,6,5,7
P1033,48,9,4
P1034,76,2,6
P1035,69,0,7
P1036,20,3,10
P1037,96,0,8
P1038,83,1,9
P1039,7,1,7
P1040,66,3,8
P1041,102,2,9
P1042,57,3,7
P1043,100,2,6
P1044,90,1,6
P1045,19,1,1
P1046,52,0,10
P1047,23,3,5
P1048,25,1,5
P1049,6,3,4
P1050,21,0,4
P1051,108,2,4
P1052,82,1,4
P1053,60,2,2
P1054,35,5,2
P1055,29,2,8
P1056,4,2,8
P1057,97,4,7
P1058,21,2,1
P1059,64,1,3
P1060,40,2,2
P1061,40,4,3
P1062,2,5,3
P1063,20,3,5
P1064,9,4,2
P1065,115,2,1
P1066,41,2,3
P1067,62,2,5
P1068,53,1,1
P1069,3,2,3
P1070,118,5,4
P1071,34,0,9
P1072,51,2,10
P1073,6,1,1
P1074,89,3,8
P1075,33,1,3
P1076,8,1,5
P1077,108,1,9
P1078,78,4,2
P1079,40,2,6
P1080,45,3,2
P1081,31,2,10
P1082,106,2,9
P1083,111,1,4
P1084,103,1,7
P1085,72,2,5
P1086,14,1,7
P1087,64,4,4
P1088,91,2,3
P1089,80,1,9
P1090,111,1,10
P1091,83,0,5
P1092,68,4,1
P1093,27,3,1
P1094,2,2,1
P1095,52,2,5
P1096,95,3,6
P1097,36,2,9
P1098,37,1,4
P1099,49,1,4
P1100,54,1,3
P1101,5,0,3
P1102,67,1,7
P1103,57,4,8
P1104,91,3,9
P1105,119,1,7
P1106,94,2,6
P1107,35,1,2
P1108,6,0,1
P1109,100,1,4
P1110,116,3,10
P1111,0,2,5
P1112,77,5,3
P1113,91,2,6
P1114,88,2,1
P1115,77,1,5
P1116,115,3,1
P1117,29,0,1
P1118,112,1,2
P1119,115,2,8
P1120,111,2,3
P1121,97,1,4
P1122,48,0,2
P1123,59,5,8
P1124,10,4,3
P1125,115,2,10
P1126,118,1,5
P1127,77,0,9
P1128,63,3,3
P1129,2,2,6
P1130,27,0,3
P1131,53,2,7
P1132,29,0,4
P1133,7,1,10
P1134,27,0,10
P1135,13,0,5
P1136,46,5,5
P1137,44,2,10
P1138,12,0,4
P1139,85,1,4
P1140,117,5,3
P1141,74,0,7
P1142,92,6,8
P1143,45,2,7
P1144,43,3,3
P1145,15,3,3
P1146,75,1,8
P1147,26,3,3
P1148,72,5,9
P1149,35,2,9
P1150,113,1,1
P1151,81,2,8
P1152,114,0,8
P1153,119,3,7
P1154,49,2,6
P1155,101,1,8
P1156,70,1,9
P1157,51,5,8
P1158,92,1,8
P1159,38,1,7
P1160,103,1,1
P1161,119,2,6
P1162,120,1,4
P1163,112,2,9
P1164,116,3,8
P1165,80,3,9
P1166,27,2,9
P1167,92,1,1
P1168,116,0,4
P1169,4,3,2
P1170,99,4,9
P1171,99,2,4
P1172,20,2,6
P1173,86,0,10
P1174,26,1,10
P1175,43,3,10
P1176,29,3,5
P1177,96,2,2
P1178,92,2,7
P1179,107,2,4
P1180,32,2,7
P1181,80,2,1
P1182,15,0,10
P1183,3,3,7
P1184,32,3,4
P1185,93,1,8
P1186,30,2,3
P1187,23,3,6
P1188,1,1,4
P1189,25,2,4
P1190,24,3,7
P1191,56,4,1
P1192,114,2,9
P1193,114,2,5
P1194,49,0,7
P1195,34,0,9
P1196,111,3,7
P1197,8,4,5
P1198,4,0,1
P1199,57,1,9
P1200,26,2,10
P1201,59,2,1
P1202,99,2,6
P1203,77,2,10
P1204,96,2,9
P1205,113,8,10
P1206,70,3,10
P1207,103,2,10
P1208,51,2,6
P1209,50,4,6
P1210,37,3,7
P1211,19,3,7
P1212,73,6,3
P1213,86,2,5
P1214,22,2,2
P1215,49,3,7
P1216,89,2,2
P1217,59,1,5
P1218,57,2,8
P1219,80,6,3
P1220,77,2,2
P1221,55,3,3
P1222,40,6,8
P1223,94,2,3
P1224,81,4,8
P1225,11,3,7
P1226,43,1,6
P1227,34,2,3
P1228,30,0,7
P1229,26,2,6
P1230,42,3,4
P1231,74,0,8
P1232,67,2,8
P1233,29,3,2
P1234,1,3,5
P1235,29,1,3
P1236,29,3,4
P1237,25,2,2
P1238,45,0,8
P1239,58,1,4
P1240,49,1,4
P1241,74,1,4
P1242,113,3,4
P1243,117,5,6
P1244,69,1,8
P1245,120,1,4
P1246,12,2,2
P1247,83,1,5
P1248,90,2,2
P1249,14,2,3
P1250,103,3,7
P1251,21,0,10
P1252,120,1,4
P1253,19,2,2
P1254,33,1,4
P1255,50,1,6
P1256,99,1,10
P1257,79,1,2
P1258,44,3,4
P1259,103,1,10
P1260,91,4,10
P1261,67,0,5
P1262,18,1,4
P1263,69,3,6
P1264,94,2,8
P1265,21,1,4
P1266,106,2,8
P1267,87,2,4
P1268,50,1,3
P1269,17,4,4
P1270,84,1,7
P1271,8,2,9
P1272,58,1,5
P1273,55,3,8
P1274,5,3,6
P1275,26,2,4
P1276,82,1,7
P1277,107,2,7
P1278,67,1,1
P1279,36,4,8
P1280,47,2,7
P1281,68,1,4
P1282,76,2,3
P1283,53,2,5
P1284,114,6,8
P1285,2,2,8
P1286,105,2,2
P1287,64,3,7
P1288,70,3,2
P1289,95,0,5
P1290,36,2,2
P1291,41,2,2
P1292,94,3,5
P1293,1,3,4
P1294,96,1,10
P1295,59,2,7
P1296,62,3,9
P1297,2,1,2
P1298,52,1,7
P1299,67,2,5
P1300,32,4,7
P1301,56,2,6
P1302,65,0,9
P1303,28,2,7
P1304,75,2,7
P1305,116,3,4
P1306,73,1,2
P1307,53,1,10
P1308,60,1,6
P1309,46,2,1
P1310,96,3,10
P1311,39,2,5
P1312,119,2,6
P1313,15,1,1
P1314,78,2,6
P1315,29,2,2
P1316,59,4,5
P1317,91,4,9
P1318,86,1,8
P1319,5,3,4
P1320,99,0,6
P1321,61,1,6
P1322,118,3,2
P1323,19,3,2
P1324,40,2,3
P1325,38,0,5
P1326,91,4,6
P1327,58,1,9
P1328,73,2,3
P1329,82,0,2
P1330,101,2,1
P1331,118,2,3
P1332,9,2,3
P1333,3,1,7
P1334,59,3,7
P1335,105,1,6
P1336,118,1,5
P1337,42,2,5
P1338,44,2,8
P1339,31,1,7
P1340,42,1,4
P1341,22,6,8
P1342,69,3,1
P1343,9,3,10
P1344,2,3,10
P1345,104,2,8
P1346,113,4,5
P1347,112,4,8
P1348,109,2,3
P1349,35,3,6
P1350,88,2,4
P1351,54,2,9
P1352,74,1,5
P1353,49,2,4
P1354,65,3,8
P1355,14,3,2
P1356,38,4,2
P1357,36,3,4
P1358,83,1,4
P1359,83,3,1
P1360,119,4,6
P1361,56,0,3
P1362,71,0,6
P1363,24,4,1
P1364,120,2,7
P1365,36,2,2
P1366,17,2,7
P1367,1,6,9
P1368,84,2,9
P1369,65,2,4
P1370,12,3,3
P1371,73,2,1
P1372,112,2,8
P1373,33,0,7
P1374,118,2,2
P1375,117,1,10
P1376,105,3,4
P1377,83,2,6
P1378,10,2,9
P1379,105,1,10
P1380,98,1,10
P1381,5,0,9
P1382,4,3,2
P1383,48,0,7
P1384,114,2,9
P1385,46,3,7
P1386,29,2,4
P1387,97,2,1
P1388,117,5,6
P1389,40,0,9
P1390,47,5,1
P1391,44,0,2
P1392,69,2,6
P1393,29,2,10
P1394,14,0,2
P1395,54,0,10
P1396,6,1,10
P1397,33,2,4
P1398,106,6,1
P1399,99,3,1
P1400,28,2,1
P1401,113,4,7
P1402,37,3,3
P1403,85,2,6
P1404,10,0,3
P1405,56,3,10
P1406,64,2,1
P1407,24,1,8
P1408,11,2,2
P1409,80,1,10
P1410,8,2,5
P1411,88,2,9
P1412,49,4,3
P1413,99,3,9
P1414,82,0,3
P1415,3,0,1
P1416,46,6,6
P1417,97,0,3
P1418,38,2,2
P1419,75,2,2
P1420,17,3,10
P1421,83,1,5
P1422,70,5,7
P1423,107,1,6
P1424,39,1,10
P1425,58,1,1
P1426,98,3,1
P1427,62,4,3
P1428,106,1,6
P1429,67,0,10
P1430,107,2,7
P1431,81,1,10
P1432,58,2,7
P1433,53,3,4
P1434,63,0,6
P1435,82,2,8
P1436,58,3,8
P1437,49,2,7
P1438,59,2,10
P1439,25,1,10
P1440,44,3,10
P1441,76,2,1
P1442,101,1,8
P1443,65,3,9
P1444,39,1,6
P1445,118,1,1
P1446,9,2,10
P1447,38,1,4
P1448,23,1,9
P1449,48,0,4
P1450,66,3,1
P1451,101,2,9
P1452,44,4,7
P1453,52,5,6
P1454,5,3,5
P1455,43,3,10
P1456,61,5,6
P1457,28,1,9
P1458,37,0,3
P1459,38,2,8
P1460,3,3,1
P1461,25,0,2
P1462,87,0,2
P1463,0,1,8
P1464,35,1,6
P1465,25,3,6
P1466,2,1,10
P1467,80,0,1
P1468,17,1,4
P1469,103,2,5
P1470,54,0,10
P1471,29,0,5
P1472,63,1,7
P1473,100,5,1
P1474,101,3,2
P1475,49,1,1
P1476,11,4,8
P1477,52,4,3
P1478,54,1,5
P1479,88,6,9
P1480,70,1,8
P1481,26,2,1
P1482,94,1,4
P1483,91,4,2
P1484,44,3,1
P1485,51,1,5
P1486,8,2,8
P1487,43,1,8
P1488,33,2,4
P1489,104,3,6
P1490,0,0,9
P1491,30,1,6
P1492,120,4,1
P1493,97,1,2
P1494,110,3,6
P1495,79,2,8
P1496,6,2,6
P1497,90,1,3
P1498,28,3,4
P1499,89,1,7
P1500,12,1,9
P1501,1,3,9
P1502,38,1,8
P1503,63,3,3
P1504,3,3,9
P1505,116,3,6
P1506,29,4,4
P1507,11,4,3
P1508,71,3,4
P1509,57,1,8
P1510,11,3,7
P1511,63,4,10
P1512,72,1,4
P1513,107,3,6
P1514,16,2,10
P1515,111,6,10
P1516,35,2,3
P1517,11,1,5
P1518,5,3,4
P1519,45,3,6
P1520,29,1,4
P1521,98,0,4
P1522,87,1,7
P1523,65,1,4
P1524,8,2,10
P1525,102,2,7
P1526,33,2,4
P1527,99,2,8
P1528,35,2,1
P1529,29,0,1
P1530,114,2,1
P1531,41,1,3
P1532,60,4,4
P1533,63,0,10
P1534,10,1,2
P1535,93,2,10
P1536,24,1,1
P1537,84,4,1
P1538,100,2,6
P1539,35,2,8
P1540,66,5,9
P1541,93,2,5
P1542,94,4,1
P1543,77,1,1
P1544,48,1,7
P1545,108,5,2
P1546,21,1,7
P1547,71,1,10
P1548,116,3,4
P1549,107,0,6
P1550,2,1,5
P1551,44,0,2
P1552,70,2,4
P1553,107,1,6
P1554,5,3,2
P1555,58,6,10
P1556,30,2,2
P1557,102,3,8
P1558,15,2,2
P1559,92,3,10
P1560,19,1,3
P1561,7,4,3
P1562,101,4,9
P1563,40,3,9
P1564,28,4,3
P1565,69,0,7
P1566,117,1,5
P1567,119,2,1
P1568,17,2,6
P1569,94,3,1
P1570,79,2,5
P1571,24,2,3
P1572,86,5,10
P1573,66,2,6
P1574,15,0,5
P1575,92,2,10
P1576,97,0,3
P1577,5,0,9
P1578,100,2,1
P1579,40,0,4
P1580,41,5,5
P1581,99,4,2
P1582,83,0,8
P1583,106,2,9
P1584,39,2,5
P1585,24,6,4
P1586,66,1,6
P1587,97,3,10
P1588,52,1,3
P1589,52,1,3
P1590,28,2,1
P1591,55,1,3
P1592,37,2,5
P1593,96,6,7
P1594,26,2,9
P1595,32,1,5
P1596,67,1,10
P1597,44,0,3
P1598,6,1,4
P1599,100,1,2
P1600,42,3,2
P1601,104,4,6
P1602,26,2,5
P1603,46,2,10
P1604,18,3,2
P1605,1,1,4
P1606,13,1,10
P1607,25,3,4
P1608,41,3,10
P1609,62,1,10
P1610,102,1,8
P1611,120,0,1
P1612,110,2,10
P1613,113,2,2
P1614,25,3,6
P1615,21,2,2
P1616,35,4,4
P1617,78,1,8
P1618,35,1,4
P1619,120,4,10
P1620,2,1,4
P1621,67,2,3
P1622,80,3,3
P1623,7,2,4
P1624,54,2,3
P1625,36,4,3
P1626,25,0,4
P1627,111,2,5
P1628,106,0,4
P1629,39,2,3
P1630,52,2,5
P1631,104,0,3
P1632,61,1,4
P1633,83,2,4
P1634,16,4,4
P1635,56,0,10
P1636,1,2,4
P1637,73,3,2
P1638,99,0,1
P1639,103,2,3
P1640,91,2,5
P1641,11,1,4
P1642,105,2,9
P1643,10,0,1
P1644,27,1,10
P1645,15,1,5
P1646,118,1,1
P1647,85,2,10
P1648,37,3,2
P1649,32,2,10
P1650,92,0,4
P1651,9,4,6
P1652,73,3,6
P1653,35,0,8
P1654,119,2,6
P1655,110,0,9
P1656,75,0,5
P1657,118,1,10
P1658,10,1,2
P1659,73,2,2
P1660,15,2,5
P1661,91,4,3
P1662,79,2,7
P1663,7,2,2
P1664,111,0,2
P1665,48,1,2
P1666,50,1,3
P1667,62,0,8
P1668,105,2,5
P1669,25,2,9
P1670,6,0,9
P1671,114,2,10
P1672,81,2,9
P1673,96,1,3
P1674,46,2,9
P1675,29,0,2
P1676,32,3,6
P1677,100,0,5
P1678,35,2,9
P1679,27,2,4
P1680,107,2,4
P1681,108,2,6
P1682,118,2,6
P1683,78,1,2
P1684,78,5,9
P1685,55,3,4
P1686,20,1,8
P1687,106,1,4
P1688,34,1,9
P1689,23,1,3
P1690,59,3,7
P1691,74,0,4
P1692,34,2,5
P1693,16,1,5
P1694,119,1,7
P1695,36,1,4
P1696,119,2,2
P1697,100,3,5
P1698,42,4,8
P1699,64,2,4
P1700,68,1,2
P1701,93,3,6
P1702,97,1,10
P1703,51,3,10
P1704,25,3,8
P1705,17,2,7
P1706,95,5,3
P1707,83,4,4
P1708,55,2,7
P1709,44,1,2
P1710,4,7,2
P1711,42,1,10
P1712,36,3,1
P1713,120,0,4
P1714,72,2,5
P1715,119,1,5
P1716,83,1,3
P1717,49,5,6
P1718,56,1,6
P1719,6,1,3
P1720,85,4,8
P1721,66,2,2
P1722,19,1,2
P1723,104,6,5
P1724,42,1,8
P1725,1,3,6
P1726,50,2,5
P1727,109,3,2
P1728,97,2,7
P1729,63,4,7
P1730,12,1,9
P1731,43,3,4
P1732,62,5,10
P1733,117,4,6
P1734,105,2,9
P1735,39,1,1
P1736,75,4,1
P1737,114,2,7
P1738,63,6,7
P1739,115,3,1
P1740,12,5,2
P1741,48,1,3
P1742,75,4,5
P1743,55,4,8
P1744,109,3,8
P1745,83,1,10
P1746,69,3,4
P1747,46,2,1
P1748,57,1,9
P1749,0,4,10
P1750,36,2,7
P1751,68,1,8
P1752,28,2,7
P1753,85,2,8
P1754,75,2,2
P1755,73,2,3
P1756,83,2,6
P1757,73,3,4
P1758,58,0,10
P1759,17,1,10
P1760,83,4,7
P1761,21,1,8
P1762,12,3,10
P1763,12,1,10
P1764,69,1,4
P1765,74,2,4
P1766,49,0,1
P1767,94,2,8
P1768,83,4,3
P1769,50,2,8
P1770,42,4,7
P1771,40,3,9
P1772,61,2,1
P1773,9,4,5
P1774,93,5,5
P1775,15,1,10
P1776,15,2,7
P1777,58,1,3
P1778,20,1,1
P1779,24,3,7
P1780,34,1,3
P1781,116,0,1
P1782,34,1,7
P1783,22,3,9
P1784,108,0,4
P1785,95,1,10
P1786,101,3,2
P1787,46,1,5
P1788,51,3,10
P1789,110,1,9
P1790,91,5,8
P1791,35,3,10
P1792,15,2,5
P1793,31,1,8
P1794,106,2,10
P1795,90,0,7
P1796,26,0,9
P1797,71,3,10
P1798,46,3,5
P1799,15,0,7
P1800,40,2,5
P1801,50,0,7
P1802,35,2,4
P1803,45,3,9
P1804,15,1,8
P1805,50,3,4
P1806,97,4,6
P1807,12,4,8
P1808,50,2,5
P1809,17,2,10
P1810,120,3,2
P1811,89,2,2
P1812,120,0,6
P1813,119,0,9
P1814,70,4,10
P1815,62,1,3
P1816,66,1,10
P1817,89,1,6
P1818,107,3,4
P1819,102,2,8
P1820,84,0,6
P1821,82,2,1
P1822,99,1,8
P1823,96,5,3
P1824,101,1,2
P1825,43,2,7
P1826,43,1,10
P1827,58,2,2
P1828,18,3,8
P1829,27,3,9
P1830,17,0,10
P1831,2,1,1
P1832,91,2,8
P1833,3,2,7
P1834,63,2,1
P1835,12,1,10
P1836,24,1,5
P1837,117,1,7
P1838,66,5,4
P1839,4,3,1
P1840,49,2,5
P1841,6,2,7
P1842,17,4,10
P1843,25,1,3
P1844,3,2,10
P1845,117,4,9
P1846,82,4,6
P1847,54,1,7
P1848,80,1,1
P1849,101,1,10
P1850,105,5,7
P1851,87,2,7
P1852,59,1,3
P1853,21,3,3
P1854,112,2,8
P1855,66,2,8
P1856,97,1,8
P1857,66,1,3
P1858,23,1,8
P1859,85,0,1
P1860,18,2,6
P1861,48,1,2
P1862,11,2,8
P1863,37,0,3
P1864,116,2,2
P1865,114,6,3
P1866,76,5,10
P1867,101,0,8
P1868,47,3,6
P1869,53,3,10
P1870,48,4,7
P1871,116,1,6
P1872,64,0,6
P1873,51,2,2
P1874,34,2,9
P1875,100,4,1
P1876,40,2,9
P1877,120,2,6
P1878,96,1,7
P1879,39,1,4
P1880,25,1,7
P1881,40,4,1
P1882,22,3,6
P1883,57,2,4
P1884,112,1,5
P1885,16,2,2
P1886,15,5,2
P1887,93,1,6
P1888,55,2,4
P1889,79,1,7
P1890,22,3,5
P1891,89,0,6
P1892,9,0,4
P1893,29,2,9
P1894,99,0,10
P1895,37,2,5
P1896,26,1,2
P1897,12,3,6
P1898,27,4,7
P1899,14,2,2
P1900,30,3,10
P1901,1,3,6
P1902,20,0,1
P1903,115,1,6
P1904,1,5,9
P1905,9,1,2
P1906,104,1,3
P1907,19,4,8
P1908,42,2,5
P1909,9,2,4
P1910,32,0,9
P1911,12,4,3
P1912,108,2,9
P1913,102,4,9
P1914,80,2,10
P1915,3,3,1
P1916,117,2,4
P1917,15,4,5
P1918,3,6,4
P1919,7,3,6
P1920,17,2,8
P1921,10,2,3
P1922,1,1,8
P1923,62,2,10
P1924,80,1,2
P1925,68,1,10
P1926,53,0,6
P1927,57,3,1
P1928,35,3,4
P1929,87,2,8
P1930,58,1,6
P1931,25,5,8
P1932,104,3,9
P1933,20,4,1
P1934,91,1,1
P1935,31,4,5
P1936,28,4,7
P1937,34,2,2
P1938,15,2,10
P1939,25,1,7
P1940,24,2,2
P1941,117,1,2
P1942,114,1,10
P1943,108,1,5
P1944,68,1,7
P1945,64,3,4
P1946,4,3,10
P1947,21,3,5
P1948,54,2,10
P1949,2,3,6
P1950,34,1,4
P1951,41,1,6
P1952,74,2,3
P1953,16,0,1
P1954,15,2,8
P1955,109,1,6
P1956,83,4,1
P1957,72,1,8
P1958,20,2,2
P1959,21,1,8
P1960,11,4,4
P1961,0,1,2
P1962,41,0,4
P1963,90,3,7
P1964,80,2,4
P1965,6,1,10
P1966,73,0,1
P1967,104,1,7
P1968,92,3,7
P1969,42,1,3
P1970,82,2,1
P1971,1,0,10
P1972,105,2,5
P1973,116,1,8
P1974,88,4,5
P1975,86,1,6
P1976,61,1,3
P1977,91,1,5
P1978,55,3,5
P1979,29,0,1
P1980,108,3,3
P1981,107,2,3
P1982,4,1,8
P1983,5,2,4
P1984,31,2,2
P1985,76,0,8
P1986,2,3,9
P1987,27,2,5
P1988,96,4,9
P1989,115,3,3
P1990,87,1,5
P1991,16,1,3
P1992,90,3,8
P1993,56,4,8
P1994,75,1,8
P1995,107,0,7
P1996,48,0,7
P1997,61,4,10
P1998,76,1,1
P1999,40,2,4
P2000,36,0,9
P2001,87,1,6
P2002,30,1,10
P2003,48,4,5
P2004,51,1,1
P2005,2,5,9
P2006,2,2,5
P2007,70,0,7
P2008,0,2,9
P2009,91,1,3
P2010,58,0,8
P2011,65,1,9
P2012,108,1,2
P2013,61,1,1
P2014,59,5,4
P2015,62,2,1
P2016,98,1,2
P2017,76,2,2
P2018,1,2,3
P2019,109,4,7
P2020,104,1,5
P2021,111,0,1
P2022,69,1,3
P2023,108,2,8
P2024,11,1,9
P2025,96,2,1
P2026,82,0,5
P2027,46,0,9
P2028,94,3,6
P2029,16,3,1
P2030,10,1,9
P2031,118,3,7
P2032,43,0,6
P2033,113,1,2
P2034,102,4,9
P2035,106,2,7
P2036,80,2,2
P2037,16,1,10
P2038,67,1,3
P2039,0,3,8
P2040,98,6,7
P2041,25,1,9
P2042,22,0,5
P2043,98,2,9
P2044,24,0,6
P2045,13,4,4
P2046,7,4,6
P2047,0,4,8
P2048,22,3,5
P2049,67,1,10
P2050,2,2,2
P2051,88,1,5
P2052,14,4,5
P2053,57,0,10
P2054,115,1,4
P2055,77,3,6
P2056,40,3,6
P2057,101,2,7
P2058,92,4,10
P2059,13,0,6
P2060,74,2,4
P2061,120,2,5
P2062,81,3,2
P2063,25,4,7
P2064,99,2,4
P2065,17,2,4
P2066,40,2,7
P2067,97,1,3
P2068,7,3,8
P2069,110,1,5
P2070,18,3,10
P2071,53,2,10
P2072,43,4,8
P2073,49,4,5
P2074,79,1,7
P2075,51,2,8
P2076,78,3,6
P2077,17,1,4
P2078,16,3,5
P2079,89,3,2
P2080,60,2,5
P2081,17,0,5
P2082,1,1,6
P2083,96,3,7
P2084,51,1,3
P2085,67,4,4
P2086,105,3,3
P2087,0,0,5
P2088,113,1,3
P2089,90,4,9
P2090,40,0,6
P2091,52,3,5
P2092,90,4,6
P2093,19,3,10
P2094,69,1,7
P2095,108,2,6
P2096,29,3,8
P2097,21,3,5
P2098,23,1,6
P2099,47,0,6
P2100,87,1,4
P2101,66,3,10
P2102,78,3,10
P2103,110,2,1
P2104,120,4,6
P2105,51,3,9
P2106,114,3,4
P2107,64,3,10
P2108,2,5,4
P2109,61,2,2
P2110,98,3,10
P2111,97,2,8
P2112,46,0,2
P2113,18,3,9
P2114,80,1,5
P2115,93,1,5
P2116,85,4,4
P2117,92,3,1
P2118,97,4,3
P2119,50,4,1
P2120,100,0,1
P2121,56,1,2
P2122,17,0,4
P2123,46,3,3
P2124,49,2,8
P2125,28,1,1
P2126,18,1,3
P2127,95,1,4
P2128,116,0,4
P2129,95,2,1
P2130,119,2,1
P2131,88,0,4
P2132,54,0,2
P2133,40,0,4
P2134,87,3,6
P2135,38,1,7
P2136,109,4,10
P2137,14,1,3
P2138,102,3,4
P2139,50,1,1
P2140,52,1,10
P2141,67,2,10
P2142,61,1,10
P2143,48,1,9
P2144,40,2,9
P2145,34,2,6
P2146,98,5,10
P2147,25,2,7
P2148,71,2,7
P2149,83,3,8
P2150,28,2,8
P2151,1,3,6
P2152,17,4,5
P2153,115,1,2
P2154,94,2,5
P2155,14,2,1
P2156,34,3,4
P2157,3,1,4
P2158,38,1,9
P2159,54,1,2
P2160,85,0,1
P2161,79,4,3
P2162,110,0,8
P2163,98,3,10
P2164,0,0,5
P2165,61,1,1
P2166,78,1,8
P2167,30,2,8
P2168,85,0,8
P2169,110,3,4
P2170,90,3,5
P2171,108,0,8
P2172,68,1,7
P2173,85,1,4
P2174,31,2,5
P2175,82,3,1
P2176,29,2,5
P2177,14,2,7
P2178,54,6,6
P2179,85,1,9
P2180,41,1,9
P2181,113,2,3
P2182,65,2,8
P2183,106,2,2
P2184,24,1,2
P2185,79,1,1
P2186,114,3,2
P2187,100,2,9
P2188,64,1,3
P2189,37,3,5
P2190,12,1,6
P2191,69,3,8
P2192,3,1,8
P2193,63,0,6
P2194,119,3,7
P2195,95,4,5
P2196,57,0,3
P2197,40,0,4
P2198,83,1,5
P2199,20,4,8
P2200,11,1,5
P2201,53,3,7
P2202,67,5,10
P2203,106,0,1
P2204,59,2,2
P2205,48,0,4
P2206,31,1,6
P2207,66,2,8
P2208,34,1,1
P2209,93,3,5
P2210,111,2,1
P2211,18,1,1
P2212,83,1,8
P2213,57,2,2
P2214,22,1,9
P2215,74,2,4
P2216,43,1,10
P2217,16,5,10
P2218,11,2,7
P2219,77,3,4
P2220,11,2,9
P2221,33,1,3
P2222,114,2,9
P2223,39,1,10
P2224,117,2,4
P2225,15,4,6
P2226,101,1,2
P2227,52,5,4
P2228,99,3,7
P2229,0,0,9
P2230,117,2,3
P2231,39,3,4
P2232,46,0,10
P2233,61,0,7
P2234,83,2,1
P2235,21,0,10
P2236,22,3,7
P2237,108,1,4
P2238,106,1,5
P2239,115,1,4
P2240,82,1,5
P2241,81,2,6
P2242,26,7,5
P2243,112,1,5
P2244,87,1,6
P2245,62,4,7
P2246,33,3,10
P2247,79,1,1
P2248,89,0,7
P2249,103,2,1
P2250,79,0,6
P2251,106,3,5
P2252,27,4,6
P2253,90,3,2
P2254,68,1,10
P2255,17,1,1
P2256,84,2,4
P2257,40,3,1
P2258,26,3,3
P2259,118,2,5
P2260,89,1,1
P2261,50,2,9
P2262,56,1,5
P2263,1,2,5
P2264,19,3,4
P2265,118,2,6
P2266,0,0,5
P2267,53,2,4
P2268,40,2,7
P2269,50,3,1
P2270,32,3,2
P2271,44,5,8
P2272,35,6,1
P2273,57,3,9
P2274,68,0,4
P2275,77,2,7
P2276,92,2,4
P2277,63,1,7
P2278,62,1,4
P2279,61,5,10
P2280,103,2,2
P2281,5,3,10
P2282,66,2,10
P2283,31,1,1
P2284,65,5,2
P2285,117,4,4
P2286,52,0,5
P2287,57,4,3
P2288,0,2,5
P2289,0,1,6
P2290,114,3,3
P2291,23,1,10
P2292,114,4,7
P2293,70,0,4
P2294,20,2,7
P2295,87,2,8
P2296,20,2,9
P2297,110,0,8
P2298,110,1,8
P2299,41,2,9
P2300,65,3,7
P2301,49,2,2
P2302,27,3,5
P2303,59,0,3
P2304,113,2,5
P2305,113,0,3
P2306,100,2,8
P2307,66,5,9
P2308,72,1,5
P2309,22,4,5
P2310,35,1,7
P2311,79,2,10
P2312,108,4,7
P2313,31,3,4
P2314,87,3,7
P2315,33,1,6
P2316,35,2,8
P2317,30,2,6
P2318,48,1,9
P2319,5,1,4
P2320,30,2,2
P2321,98,1,7
P2322,75,1,1
P2323,111,1,6
P2324,109,1,10
P2325,105,2,3
P2326,10,3,9
P2327,115,3,4
P2328,47,1,5
P2329,20,1,4
P2330,80,2,10
P2331,61,3,10
P2332,29,1,6
P2333,34,1,4
P2334,100,3,4
P2335,70,5,1
P2336,95,2,7
P2337,34,2,5
P2338,98,2,8
P2339,110,0,7
P2340,71,4,1
P2341,85,0,7
P2342,97,4,7
P2343,2,4,7
P2344,48,0,6
P2345,34,4,7
P2346,100,2,6
P2347,46,2,5
P2348,108,0,4
P2349,61,4,6
P2350,1,0,7
P2351,13,4,2
P2352,86,3,6
P2353,23,4,4
P2354,59,2,3
P2355,118,3,6
P2356,10,2,4
P2357,36,5,3
P2358,87,1,8
P2359,118,2,8
P2360,43,0,6
P2361,65,4,6
P2362,5,1,1
P2363,0,1,1
P2364,80,3,2
P2365,11,2,7
P2366,116,0,10
P2367,11,4,9
P2368,102,1,8
P2369,73,1,1
P2370,84,3,4
P2371,95,1,1
P2372,116,3,7
P2373,35,2,9
P2374,77,0,7
P2375,73,0,8
P2376,22,2,10
P2377,70,2,8
P2378,86,1,1
P2379,36,1,7
P2380,93,0,9
P2381,108,0,5
P2382,97,2,4
P2383,93,3,10
P2384,35,3,2
P2385,36,3,3
P2386,109,6,1
P2387,81,5,1
P2388,34,3,7
P2389,12,2,4
P2390,103,3,6
P2391,79,1,3
P2392,26,3,6
P2393,74,1,5
P2394,38,2,9
P2395,5,2,10
P2396,93,2,3
P2397,69,3,9
P2398,44,3,1
P2399,87,3,3
P2400,66,1,1
P2401,48,3,4
P2402,36,2,9
P2403,48,1,6
P2404,56,1,7
P2405,46,6,5
P2406,13,2,6
P2407,83,1,6
P2408,89,3,3
P2409,15,0,2
P2410,104,3,1
P2411,61,1,2
P2412,96,1,10
P2413,81,2,10
P2414,107,2,10
P2415,24,1,1
P2416,23,0,8
P2417,43,4,1
P2418,74,4,8
P2419,106,3,5
P2420,11,1,6
P2421,14,4,1
P2422,33,1,4
P2423,70,2,6
P2424,66,2,1
P2425,104,0,3
P2426,110,4,6
P2427,41,0,1
P2428,66,3,1
P2429,97,0,6
P2430,81,2,4
P2431,75,2,4
P2432,98,3,8
P2433,34,1,7
P2434,20,3,3
P2435,33,3,1
P2436,65,1,3
P2437,87,2,2
P2438,75,1,8
P2439,2,2,6
P2440,103,3,3
P2441,37,0,9
P2442,16,2,6
P2443,81,0,5
P2444,74,1,3
P2445,108,2,4
P2446,36,1,1
P2447,54,4,4
P2448,20,2,7
P2449,32,2,10
P2450,110,2,7
P2451,75,2,7
P2452,62,2,1
P2453,28,1,6
P2454,107,1,8
P2455,11,1,4
P2456,36,4,2
P2457,113,1,10
P2458,80,0,1
P2459,40,4,1
P2460,113,1,9
P2461,57,2,2
P2462,6,2,8
P2463,95,3,3
P2464,18,1,10
P2465,108,1,4
P2466,41,2,2
P2467,73,1,3
P2468,40,2,4
P2469,63,1,9
P2470,73,2,7
P2471,31,2,5
P2472,120,2,7
P2473,82,2,7
P2474,56,2,8
P2475,106,1,9
P2476,55,4,8
P2477,97,5,7
P2478,113,0,6
P2479,93,0,10
P2480,2,1,10
P2481,67,0,7
P2482,80,0,6
P2483,116,1,6
P2484,27,3,4
P2485,15,5,6
P2486,107,2,8
P2487,33,3,1
P2488,20,2,10
P2489,44,2,4
P2490,62,4,4
P2491,39,0,2
P2492,22,1,5
P2493,8,4,9
P2494,55,1,7
P2495,24,2,6
P2496,100,2,3
P2497,79,1,6
P2498,1,4,1
P2499,83,1,10
P2500,105,1,9
P2501,95,4,5
P2502,95,4,2
P2503,1,4,2
P2504,112,0,5
P2505,71,0,8
P2506,91,1,2
P2507,73,0,7
P2508,2,1,10
P2509,97,3,5
P2510,75,0,5
P2511,19,2,7
P2512,67,2,7
P2513,43,2,9
P2514,52,2,9
P2515,10,3,8
P2516,87,3,9
P2517,107,4,9
P2518,117,1,8
P2519,65,1,2
P2520,117,5,6
P2521,51,0,5
P2522,75,1,6
P2523,61,1,9
P2524,62,0,3
P2525,28,0,8
P2526,88,3,2
P2527,38,0,5
P2528,72,1,7
P2529,87,3,3
P2530,19,6,8
P2531,111,1,7
P2532,49,3,4
P2533,116,1,6
P2534,11,2,4
P2535,120,1,5
P2536,96,3,9
P2537,96,1,4
P2538,118,0,7
P2539,33,2,6
P2540,16,3,7
P2541,117,1,10
P2542,96,2,4
P2543,109,1,2
P2544,29,2,6
P2545,87,1,9
P2546,50,2,3
P2547,98,2,2
P2548,7,4,1
P2549,18,2,2
P2550,6,1,9
P2551,109,0,5
P2552,84,5,7
P2553,52,2,6
P2554,119,2,6
P2555,47,1,7
P2556,17,1,3
P2557,88,4,2
P2558,73,2,1
P2559,119,2,9
P2560,32,2,2
P2561,67,3,1
P2562,34,1,3
P2563,59,1,5
P2564,13,2,9
P2565,35,3,5
P2566,63,0,9
P2567,110,2,5
P2568,68,2,9
P2569,43,5,5
P2570,34,2,7
P2571,97,3,3
P2572,31,3,10
P2573,13,1,8
P2574,23,0,7
P2575,54,3,10
P2576,61,0,9
P2577,30,2,5
P2578,8,0,1
P2579,39,2,3
P2580,116,3,7
P2581,118,1,10
P2582,5,3,2
P2583,13,5,6
P2584,78,3,9
P2585,111,1,10
P2586,97,3,3
P2587,25,3,8
P2588,38,4,5
P2589,20,1,4
P2590,96,2,7
P2591,102,2,2
P2592,9,2,10
P2593,85,3,8
P2594,4,2,4
P2595,114,1,3
P2596,73,1,3
P2597,47,2,4
P2598,22,3,3
P2599,31,1,9
P2600,24,1,6
P2601,35,1,7
P2602,12,0,10
P2603,111,3,5
P2604,42,0,5
P2605,67,2,6
P2606,23,1,6
P2607,37,2,8
P2608,81,3,6
P2609,20,0,2
P2610,76,4,2
P2611,42,2,8
P2612,39,1,10
P2613,17,0,3
P2614,87,3,2
P2615,109,3,2
P2616,117,2,8
P2617,91,0,2
P2618,107,2,4
P2619,23,1,6
P2620,10,1,4
P2621,102,2,1
P2622,23,1,1
P2623,56,2,2
P2624,77,0,2
P2625,3,1,6
P2626,10,3,1
P2627,67,5,5
P2628,108,1,2
P2629,4,5,10
P2630,1,2,4
P2631,11,1,4
P2632,103,0,3
P2633,10,0,7
P2634,103,3,2
P2635,55,0,6
P2636,61,1,9
P2637,47,2,10
P2638,69,2,2
P2639,82,2,2
P2640,103,0,8
P2641,42,3,8
P2642,100,2,2
P2643,67,4,2
P2644,34,1,6
P2645,1,0,8
P2646,56,1,4
P2647,44,3,10
P2648,34,2,1
P2649,75,1,10
P2650,115,0,10
P2651,86,0,10
P2652,98,5,4
P2653,23,3,8
P2654,105,2,10
P2655,48,0,2
P2656,76,0,8
P2657,76,2,9
P2658,98,0,8
P2659,84,1,6
P2660,73,2,4
P2661,108,1,3
P2662,8,0,4
P2663,100,2,7
P2664,5,3,4
P2665,104,3,5
P2666,69,3,2
P2667,52,0,7
P2668,91,2,3
P2669,3,3,8
P2670,80,2,3
P2671,100,3,4
P2672,81,2,4
P2673,67,0,9
P2674,77,2,1
P2675,55,1,1
P2676,48,1,1
P2677,23,2,9
P2678,107,1,10
P2679,33,3,2
P2680,65,3,8
P2681,7,4,1
P2682,86,2,2
P2683,86,1,9
P2684,77,2,10
P2685,63,2,7
P2686,107,2,9
P2687,52,0,4
P2688,108,4,8
P2689,91,3,4
P2690,25,3,4
P2691,1,6,4
P2692,81,5,2
P2693,12,2,5
P2694,32,1,5
P2695,66,1,2
P2696,40,3,3
P2697,49,2,10
P2698,40,3,9
P2699,73,5,5
P2700,118,1,9
P2701,19,3,2
P2702,83,3,9
P2703,25,3,4
P2704,87,0,5
P2705,0,4,9
P2706,10,3,7
P2707,77,3,10
P2708,74,1,8
P2709,18,0,1
P2710,119,3,1
P2711,28,2,1
P2712,106,0,1
P2713,73,2,2
P2714,119,2,1
P2715,104,4,4
P2716,118,1,4
P2717,83,1,2
P2718,103,4,5
P2719,48,2,10
P2720,103,0,7
P2721,80,4,1
P2722,87,0,8
P2723,113,0,3
P2724,66,3,9
P2725,112,2,7
P2726,68,3,10
P2727,85,0,8
P2728,27,2,1
P2729,55,1,6
P2730,72,1,10
P2731,34,3,5
P2732,57,3,9
P2733,64,4,3
P2734,119,2,10
P2735,51,3,10
P2736,69,1,5
P2737,18,2,2
P2738,74,0,8
P2739,23,3,3
P2740,1,1,3
P2741,28,1,5
P2742,72,1,7
P2743,3,1,6
P2744,118,3,5
P2745,35,3,7
P2746,11,0,5
P2747,26,1,8
P2748,34,1,1
P2749,97,0,10
P2750,52,1,9
P2751,37,0,5
P2752,24,4,5
P2753,36,1,4
P2754,7,1,5
P2755,111,1,10
P2756,86,1,7
P2757,34,1,9
P2758,15,5,7
P2759,30,0,10
P2760,26,3,1
P2761,117,0,5
P2762,88,2,10
P2763,77,1,4
P2764,23,4,8
P2765,91,1,8
P2766,91,2,2
P2767,21,2,6
P2768,68,1,3
P2769,28,3,7
P2770,17,2,1
P2771,35,3,2
P2772,57,1,10
P2773,66,3,3
P2774,87,3,4
P2775,118,1,9
P2776,88,1,7
P2777,78,1,2
P2778,2,0,8
P2779,49,3,6
P2780,114,2,9
P2781,41,2,10
P2782,118,3,6
P2783,4,0,8
P2784,32,1,1
P2785,90,1,6
P2786,51,0,7
P2787,119,2,5
P2788,85,2,6
P2789,20,0,9
P2790,70,5,6
P2791,61,1,3
P2792,37,1,5
P2793,44,1,4
P2794,8,3,4
P2795,76,2,10
P2796,18,1,9
P2797,83,3,8
P2798,29,1,1
P2799,11,1,9
P2800,16,2,10
P2801,9,2,5
P2802,66,1,3
P2803,2,2,8
P2804,43,3,10
P2805,22,1,1
P2806,73,2,9
P2807,78,1,9
P2808,52,2,4
P2809,84,3,2
P2810,86,1,6
P2811,15,1,7
P2812,20,4,9
P2813,76,1,7
P2814,75,2,8
P2815,41,2,4
P2816,37,2,7
P2817,35,4,9
P2818,53,1,6
P2819,46,1,5
P2820,110,2,10
P2821,66,3,7
P2822,15,2,7
P2823,59,0,3
P2824,98,1,5
P2825,68,5,2
P2826,44,4,9
P2827,19,3,2
P2828,116,1,5
P2829,44,2,2
P2830,58,0,6
P2831,77,5,4
P2832,61,2,9
P2833,66,1,9
P2834,99,1,7
P2835,19,0,6
P2836,50,3,6
P2837,57,4,10
P2838,19,4,4
P2839,69,2,8
P2840,92,4,2
P2841,115,3,5
P2842,86,5,2
P2843,86,1,10
P2844,96,3,8
P2845,14,1,3
P2846,39,1,4
P2847,110,3,9
P2848,24,2,9
P2849,22,3,7
P2850,65,2,4
P2851,34,2,7
P2852,51,1,8
P2853,66,2,3
P2854,35,0,9
P2855,9,3,5
P2856,95,2,3
P2857,60,0,8
P2858,93,2,6
P2859,64,1,4
P2860,101,3,3
P2861,92,0,3
P2862,19,3,8
P2863,112,0,10
P2864,41,3,5
P2865,91,2,6
P2866,18,2,2
P2867,81,3,8
P2868,62,5,2
P2869,118,8,2
P2870,17,0,10
P2871,66,3,2
P2872,40,3,4
P2873,8,0,2
P2874,28,3,5
P2875,97,3,8
P2876,107,3,3
P2877,102,2,2
P2878,113,1,9
P2879,32,1,8
P2880,27,4,5
P2881,46,2,1
P2882,13,1,7
P2883,17,0,10
P2884,0,0,6
P2885,38,0,6
P2886,19,1,8
P2887,97,6,7
P2888,85,1,9
P2889,120,0,9
P2890,50,1,6
P2891,118,2,1
P2892,115,0,8
P2893,23,2,8
P2894,63,4,2
P2895,84,0,4
P2896,88,2,10
P2897,43,3,10
P2898,45,2,8
P2899,54,0,7
P2900,81,4,1
P2901,103,1,6
P2902,80,1,9
P2903,110,4,10
P2904,101,3,4
P2905,34,0,5
P2906,56,3,8
P2907,101,0,5
P2908,60,2,3
P2909,78,5,5
P2910,88,2,2
P2911,56,3,4
P2912,72,2,8
P2913,32,4,4
P2914,25,4,7
P2915,21,1,3
P2916,19,0,8
P2917,99,1,5
P2918,12,3,7
P2919,48,2,8
P2920,111,3,7
P2921,69,2,2
P2922,31,2,6
P2923,77,2,1
P2924,62,4,2
P2925,45,2,7
P2926,55,6,10
P2927,78,0,1
P2928,62,3,6
P2929,89,3,10
P2930,118,3,6
P2931,80,2,7
P2932,28,3,9
P2933,18,1,5
P2934,72,4,9
P2935,34,3,7
P2936,62,5,1
P2937,118,2,2
P2938,62,1,6
P2939,90,1,6
P2940,87,4,9
P2941,83,2,1
P2942,13,2,7
P2943,64,1,1
P2944,31,3,4
P2945,89,2,4
P2946,70,5,6
P2947,118,0,5
P2948,115,2,2
P2949,105,4,6
P2950,82,0,9
P2951,98,2,9
P2952,48,2,8
P2953,18,1,7
P2954,89,0,9
P2955,34,2,9
P2956,34,1,9
P2957,60,3,10
P2958,108,3,1
P2959,117,0,8
P2960,71,0,3
P2961,108,2,1
P2962,70,0,2
P2963,66,0,7
P2964,16,0,7
P2965,31,3,3
P2966,70,1,1
P2967,82,3,7
P2968,28,3,5
P2969,58,1,6
P2970,71,1,7
P2971,69,2,10
P2972,88,2,5
P2973,41,0,8
P2974,104,4,9
P2975,23,2,10
P2976,84,1,2
P2977,38,2,7
P2978,83,1,9
P2979,36,2,3
P2980,76,1,2
P2981,95,1,9
P2982,10,3,6
P2983,3,1,6
P2984,28,0,8
P2985,83,2,2
P2986,113,1,3
P2987,98,1,5
P2988,65,0,4
P2989,108,0,4
P2990,114,0,9
P2991,2,3,9
P2992,7,0,1
P2993,23,3,7
P2994,115,0,7
P2995,97,1,3
P2996,5,1,7
P2997,102,2,1
P2998,6,4,8
P2999,18,8,5
P3000,12,1,7
P3001,34,2,1
P3002,10,2,10
P3003,77,0,5
P3004,28,1,2
P3005,35,4,5
P3006,93,3,10
P3007,28,2,2
P3008,110,1,9
P3009,70,1,3
P3010,48,1,2
P3011,10,2,5
P3012,47,3,7
P3013,77,4,10
P3014,38,5,10
P3015,85,5,6
P3016,65,1,8
P3017,46,3,9
P3018,68,1,5
P3019,57,2,2
P3020,40,0,8
P3021,46,1,5
P3022,25,2,9
P3023,21,1,9
P3024,17,1,5
P3025,21,3,10
P3026,82,3,4
P3027,7,3,2
P3028,114,2,3
P3029,9,3,8
P3030,7,3,7
P3031,78,2,7
P3032,1,0,6
P3033,67,3,7
P3034,71,1,3
P3035,116,1,3
P3036,6,1,8
P3037,73,4,3
P3038,67,4,10
P3039,20,2,5
P3040,21,1,5
P3041,43,3,3
P3042,68,2,5
P3043,103,2,2
P3044,111,5,10
P3045,113,0,10
P3046,80,0,7
P3047,90,3,9
P3048,20,4,8
P3049,48,0,1
P3050,53,1,7
P3051,8,3,3
P3052,69,5,4
P3053,119,1,1
P3054,23,3,3
P3055,117,1,3
P3056,67,2,10
P3057,51,0,1
P3058,40,0,1
P3059,31,2,9
P3060,116,0,2
P3061,91,3,1
P3062,85,2,7
P3063,11,2,8
P3064,41,2,7
P3065,12,0,3
P3066,113,2,4
P3067,90,0,10
P3068,60,0,1
P3069,31,1,1
P3070,27,2,6
P3071,117,3,9
P3072,39,1,7
P3073,30,0,7
P3074,106,3,5
P3075,101,1,9
P3076,93,1,4
P3077,54,1,4
P3078,15,3,3
P3079,5,3,1
P3080,88,2,6
P3081,26,2,8
P3082,119,1,2
P3083,0,1,1
P3084,90,2,7
P3085,118,2,10
P3086,116,2,3
P3087,81,2,6
P3088,43,3,5
P3089,120,1,7
P3090,44,2,7
P3091,54,4,2
P3092,100,3,1
P3093,47,2,9
P3094,63,2,2
P3095,89,2,9
P3096,48,3,9
P3097,39,0,10
P3098,84,1,8
P3099,53,3,9
P3100,46,3,8
P3101,6,2,9
P3102,27,1,6
P3103,19,3,3
P3104,0,2,5
P3105,51,4,5
P3106,78,2,7
P3107,70,0,9
P3108,26,0,3
P3109,93,3,9
P3110,101,3,7
P3111,99,2,2
P3112,96,0,2
P3113,10,3,8
P3114,38,2,3
P3115,61,2,7
P3116,86,0,10
P3117,117,0,8
P3118,4,1,5
P3119,70,4,1
P3120,9,2,7
P3121,83,3,10
P3122,69,2,8
P3123,84,6,3
P3124,80,1,7
P3125,24,1,6
P3126,105,2,3
P3127,36,0,10
P3128,93,2,7
P3129,33,3,9
P3130,57,0,7
P3131,120,2,9
P3132,108,0,7
P3133,20,2,10
P3134,2,0,2
P3135,120,3,10
P3136,97,2,7
P3137,11,0,4
P3138,44,2,3
P3139,113,2,7
P3140,81,2,3
P3141,1,3,3
P3142,15,2,10
P3143,54,1,1
P3144,115,1,3
P3145,40,0,7
P3146,26,2,3
P3147,18,2,4
P3148,41,5,2
P3149,35,3,3
P3150,41,0,3
P3151,119,1,8
P3152,33,1,4
P3153,101,0,2
P3154,82,4,4
P3155,8,2,4
P3156,10,2,2
P3157,3,0,1
P3158,91,4,6
P3159,29,1,5
P3160,1,2,5
P3161,21,2,2
P3162,52,0,6
P3163,99,3,5
P3164,65,2,6
P3165,10,1,3
P3166,120,0,2
P3167,44,0,2
P3168,10,3,6
P3169,40,1,1
P3170,5,4,2
P3171,40,4,5
P3172,42,1,4
P3173,60,1,8
P3174,91,2,7
P3175,67,0,6
P3176,84,1,5
P3177,115,0,3
P3178,61,1,8
P3179,49,2,3
P3180,85,0,10
P3181,14,2,3
P3182,56,3,7
P3183,105,0,9
P3184,75,1,8
P3185,49,4,4
P3186,99,2,5
P3187,36,3,6
P3188,26,1,5
P3189,8,2,7
P3190,50,2,10
P3191,41,2,6
P3192,109,1,7
P3193,58,1,1
P3194,88,6,2
P3195,0,4,6
P3196,73,1,5
P3197,17,3,4
P3198,63,4,6
P3199,77,0,4
P3200,49,2,2
P3201,79,2,1
P3202,68,2,10
P3203,30,1,8
P3204,26,5,10
P3205,6,1,8
P3206,104,2,3
P3207,76,6,2
P3208,107,2,8
P3209,86,1,9
P3210,65,3,9
P3211,57,2,1
P3212,58,0,1
P3213,8,2,5
P3214,24,3,1
P3215,70,2,3
P3216,33,1,6
P3217,100,1,2
P3218,70,1,4
P3219,118,2,9
P3220,12,6,10
P3221,32,0,5
P3222,58,0,7
P3223,109,1,5
P3224,113,3,10
P3225,13,1,9
P3226,94,1,6
P3227,27,1,9
P3228,9,3,10
P3229,59,5,3
P3230,54,4,7
P3231,88,0,1
P3232,82,4,10
P3233,61,4,10
P3234,68,3,8
P3235,81,5,4
P3236,55,0,9
P3237,81,2,3
P3238,107,3,10
P3239,109,5,6
P3240,115,2,8
P3241,67,2,7
P3242,5,0,6
P3243,79,2,9
P3244,81,0,5
P3245,57,3,2
P3246,39,1,5
P3247,79,1,4
P3248,120,3,7
P3249,83,3,3
P3250,57,1,4
P3251,53,1,6
P3252,19,4,9
P3253,68,3,10
P3254,16,0,1
P3255,31,3,3
P3256,5,2,10
P3257,61,2,1
P3258,77,0,4
P3259,1,1,3
P3260,75,2,6
P3261,103,0,6
P3262,120,2,3
P3263,32,4,3
P3264,87,3,9
P3265,24,3,10
P3266,2,2,3
P3267,113,1,1
P3268,40,1,3
P3269,35,3,6
P3270,72,3,9
P3271,48,2,1
P3272,49,3,10
P3273,37,4,8
P3274,120,1,4
P3275,43,5,2
P3276,49,1,5
P3277,8,5,3
P3278,4,3,4
P3279,101,1,8
P3280,43,1,8
P3281,29,0,1
P3282,42,7,10
P3283,84,3,10
P3284,89,0,8
P3285,90,3,7
P3286,46,2,6
P3287,68,5,9
P3288,35,3,2
P3289,97,4,3
P3290,20,2,2
P3291,9,4,8
P3292,74,3,7
P3293,76,2,9
P3294,106,2,8
P3295,92,0,7
P3296,60,1,4
P3297,14,1,7
P3298,69,1,1
P3299,44,1,2
P3300,48,1,7
P3301,56,2,10
P3302,113,2,3
P3303,87,4,5
P3304,63,2,2
P3305,120,0,3
P3306,93,0,3
P3307,119,1,3
P3308,9,1,10
P3309,98,5,3
P3310,56,0,5
P3311,98,1,5
P3312,20,1,2
P3313,77,0,3
P3314,29,1,1
P3315,53,2,10
P3316,26,2,7
P3317,107,1,8
P3318,110,6,7
P3319,89,2,10
P3320,48,1,4
P3321,50,4,2
P3322,88,3,5
P3323,43,2,2
P3324,49,3,9
P3325,74,3,10
P3326,26,1,6
P3327,67,2,8
P3328,2,3,7
P3329,78,1,7
P3330,70,3,8
P3331,51,1,1
P3332,22,0,4
P3333,82,2,7
P3334,45,3,9
P3335,43,3,4
P3336,23,4,1
P3337,68,5,6
P3338,39,1,6
P3339,43,2,6
P3340,42,0,5
P3341,112,2,8
P3342,87,1,10
P3343,62,1,6
P3344,82,2,7
P3345,119,0,4
P3346,87,2,4
P3347,82,7,1
P3348,96,1,4
P3349,51,0,9
P3350,16,3,6
P3351,27,1,1
P3352,14,1,6
P3353,44,3,9
P3354,82,6,2
P3355,120,0,7
P3356,91,3,1
P3357,112,1,9
P3358,85,4,1
P3359,21,5,5
P3360,81,1,4
P3361,23,2,7
P3362,94,1,10
P3363,50,4,6
P3364,84,2,6
P3365,19,1,1
P3366,61,4,5
P3367,89,2,10
P3368,111,1,9
P3369,37,2,1
P3370,117,3,1
P3371,32,0,7
P3372,3,2,5
P3373,120,3,8
P3374,23,0,10
P3375,98,1,9
P3376,74,0,7
P3377,11,4,10
P3378,116,4,5
P3379,80,2,2
P3380,26,1,9
P3381,75,1,9
P3382,110,2,2
P3383,62,2,5
P3384,80,0,2
P3385,48,0,2
P3386,90,1,4
P3387,43,3,5
P3388,41,3,3
P3389,93,1,9
P3390,2,0,3
P3391,1,1,10
P3392,19,3,2
P3393,95,2,10
P3394,82,0,3
P3395,89,2,3
P3396,86,2,6
P3397,76,0,7
P3398,107,2,6
P3399,57,2,3
P3400,4,5,3
P3401,3,0,9
P3402,67,3,8
P3403,1,2,8
P3404,13,6,7
P3405,30,3,2
P3406,28,4,3
P3407,95,7,8
P3408,79,3,6
P3409,52,6,3
P3410,88,1,5
P3411,31,2,5
P3412,50,3,6
P3413,101,0,2
P3414,52,2,2
P3415,43,1,7
P3416,79,1,2
P3417,88,2,6
P3418,6,0,10
P3419,36,4,8
P3420,87,6,10
P3421,4,2,1
P3422,87,2,6
P3423,44,1,3
P3424,58,4,5
P3425,53,1,10
P3426,21,2,7
P3427,34,0,1
P3428,26,1,6
P3429,33,2,6
P3430,83,1,3
P3431,10,4,5
P3432,47,2,5
P3433,101,1,9
P3434,52,4,7
P3435,59,4,4
P3436,33,2,4
P3437,34,2,10
P3438,55,2,8
P3439,36,2,4
P3440,76,2,5
P3441,80,2,3
P3442,53,2,9
P3443,1,3,2
P3444,67,1,9
P3445,100,2,5
P3446,92,2,2
P3447,19,1,8
P3448,92,1,9
P3449,86,0,9
P3450,86,1,3
P3451,11,1,4
P3452,115,2,1
P3453,34,2,7
P3454,117,2,7
P3455,82,1,4
P3456,40,5,4
P3457,82,1,6
P3458,69,1,6
P3459,3,3,1
P3460,12,0,5
P3461,27,1,8
P3462,8,3,6
P3463,105,3,1
P3464,63,4,7
P3465,71,8,1
P3466,78,5,7
P3467,83,1,8
P3468,114,1,10
P3469,119,0,8
P3470,61,0,4
P3471,81,1,10
P3472,42,0,3
P3473,64,1,5
P3474,33,2,10
P3475,40,2,3
P3476,82,1,4
P3477,63,1,7
P3478,2,3,2
P3479,98,0,3
P3480,88,1,10
P3481,81,0,1
P3482,21,4,5
P3483,113,1,5
P3484,96,0,10
P3485,37,0,1
P3486,78,2,5
P3487,77,1,6
P3488,114,0,5
P3489,15,2,1
P3490,113,1,10
P3491,93,2,10
P3492,31,2,4
P3493,55,4,9
P3494,103,3,4
P3495,53,1,8
P3496,17,1,2
P3497,120,3,8
P3498,87,2,1
P3499,38,2,8
P3500,44,3,5
P3501,37,2,6
P3502,59,4,8
P3503,33,3,10
P3504,32,2,7
P3505,3,1,6
P3506,57,3,9
P3507,37,4,2
P3508,35,2,9
P3509,64,1,7
P3510,66,2,8
P3511,87,4,10
P3512,102,4,1
P3513,61,4,5
P3514,82,3,4
P3515,84,1,9
P3516,50,2,9
P3517,0,3,8
P3518,110,0,3
P3519,86,2,8
P3520,35,1,4
P3521,51,2,2
P3522,91,2,6
P3523,28,1,5
P3524,92,6,4
P3525,102,2,8
P3526,41,1,2
P3527,91,3,9
P3528,109,4,7
P3529,80,3,7
P3530,52,1,10
P3531,92,3,8
P3532,93,3,8
P3533,110,2,6
P3534,46,5,6
P3535,66,2,8
P3536,91,0,1
P3537,91,3,9
P3538,44,3,8
P3539,41,2,10
P3540,84,2,3
P3541,5,4,5
P3542,116,2,5
P3543,100,1,5
P3544,43,1,2
P3545,61,0,9
P3546,89,3,1
P3547,15,1,6
P3548,96,2,9
P3549,117,0,1
P3550,120,4,3
P3551,103,5,6
P3552,116,0,3
P3553,20,2,5
P3554,58,2,10
P3555,51,0,4
P3556,10,1,3
P3557,63,2,5
P3558,16,2,1
P3559,89,2,5
P3560,1,1,7
P3561,86,2,7
P3562,66,2,8
P3563,83,1,6
P3564,119,4,10
P3565,89,1,4
P3566,15,4,8
P3567,89,4,4
P3568,22,1,2
P3569,35,2,10
P3570,24,1,6
P3571,60,4,4
P3572,116,0,9
P3573,1,4,6
P3574,41,1,8
P3575,67,3,8
P3576,42,2,10
P3577,77,3,6
P3578,109,4,7
P3579,50,2,3
P3580,116,5,8
P3581,31,4,6
P3582,66,1,3
P3583,77,5,3
P3584,34,2,5
P3585,91,2,3
P3586,5,1,4
P3587,5,3,6
P3588,103,3,4
P3589,9,2,4
P3590,64,3,10
P3591,41,4,9
P3592,33,2,5
P3593,116,4,1
P3594,40,1,1
P3595,100,1,9
P3596,5,2,9
P3597,46,2,3
P3598,105,4,9
P3599,29,0,3
P3600,87,1,1
P3601,115,1,8
P3602,56,2,9
P3603,72,0,3
P3604,63,2,3
P3605,118,3,7
P3606,11,3,6
P3607,46,5,1
P3608,24,0,7
P3609,103,1,3
P3610,108,0,3
P3611,112,3,10
P3612,85,2,7
P3613,5,1,8
P3614,82,3,10
P3615,29,0,3
P3616,74,3,4
P3617,48,1,5
P3618,1,1,5
P3619,34,2,9
P3620,119,5,8
P3621,39,1,10
P3622,89,0,5
P3623,28,2,3
P3624,94,3,4
P3625,20,3,4
P3626,46,2,6
P3627,6,1,9
P3628,116,4,8
P3629,1,2,5
P3630,43,1,4
P3631,70,0,8
P3632,34,3,7
P3633,29,1,8
P3634,8,1,10
P3635,46,2,8
P3636,101,1,3
P3637,70,5,8
P3638,91,1,7
P3639,45,1,8
P3640,110,3,10
P3641,60,4,1
P3642,22,1,7
P3643,67,0,1
P3644,49,3,7
P3645,99,2,1
P3646,85,2,10
P3647,100,3,6
P3648,114,1,4
P3649,43,3,4
P3650,97,1,5
P3651,102,2,1
P3652,63,3,2
P3653,34,1,6
P3654,66,1,4
P3655,74,0,3
P3656,59,6,4
P3657,27,1,7
P3658,12,6,7
P3659,9,1,9
P3660,118,3,3
P3661,32,3,2
P3662,49,3,2
P3663,115,1,8
P3664,110,0,1
P3665,120,1,4
P3666,111,4,9
P3667,59,2,4
P3668,39,4,8
P3669,16,3,5
P3670,25,2,1
P3671,15,1,6
P3672,70,2,8
P3673,1,4,9
P3674,109,2,1
P3675,95,0,1
P3676,86,2,10
P3677,58,1,10
P3678,53,3,7
P3679,4,2,5
P3680,86,1,2
P3681,31,2,3
P3682,52,3,7
P3683,61,1,1
P3684,78,3,6
P3685,12,1,6
P3686,4,2,1
P3687,23,1,6
P3688,32,1,4
P3689,14,2,4
P3690,34,2,6
P3691,81,4,2
P3692,92,0,1
P3693,54,3,4
P3694,94,2,9
P3695,31,3,5
P3696,51,2,7
P3697,92,6,8
P3698,53,1,10
P3699,28,3,7
P3700,15,4,10
P3701,119,3,8
P3702,106,2,4
P3703,9,2,8
P3704,103,2,6
P3705,16,4,9
P3706,42,0,1
P3707,54,4,8
P3708,109,2,6
P3709,101,1,7
P3710,118,1,9
P3711,115,1,9
P3712,76,2,2
P3713,113,2,10
P3714,89,4,9
P3715,16,1,2
P3716,67,2,10
P3717,118,3,9
P3718,120,1,1
P3719,73,3,6
P3720,9,0,4
P3721,88,2,10
P3722,47,2,2
P3723,60,1,3
P3724,22,0,9
P3725,98,3,3
P3726,7,6,1
P3727,67,0,7
P3728,87,1,10
P3729,60,3,1
P3730,81,2,9
P3731,93,1,8
P3732,107,2,2
P3733,66,3,4
P3734,46,2,3
P3735,29,2,6
P3736,69,4,7
P3737,101,3,5
P3738,27,3,3
P3739,12,1,10
P3740,97,5,8
P3741,45,0,6
P3742,93,2,2
P3743,4,3,10
P3744,106,2,5
P3745,69,4,2
P3746,48,4,5
P3747,119,2,6
P3748,61,3,10
P3749,4,0,6
P3750,94,1,10
P3751,5,2,7
P3752,78,1,7
P3753,114,1,5
P3754,78,5,10
P3755,78,3,2
P3756,96,0,1
P3757,0,0,3
P3758,9,0,7
P3759,98,2,2
P3760,29,2,4
P3761,23,0,10
P3762,54,2,1
P3763,20,3,5
P3764,32,1,6
P3765,119,1,7
P3766,109,0,5
P3767,43,2,3
P3768,108,0,6
P3769,38,2,9
P3770,96,2,7
P3771,66,2,4
P3772,3,1,6
P3773,102,2,8
P3774,62,1,3
P3775,89,1,9
P3776,56,1,8
P3777,97,0,1
P3778,55,1,7
P3779,30,1,9
P3780,8,0,2
P3781,95,1,1
P3782,90,3,3
P3783,98,3,7
P3784,47,1,4
P3785,67,4,5
P3786,1,1,6
P3787,117,1,2
P3788,71,2,3
P3789,81,1,10
P3790,41,2,8
P3791,73,0,8
P3792,35,0,2
P3793,16,0,3
P3794,18,2,4
P3795,66,3,10
P3796,45,3,3
P3797,108,4,6
P3798,45,1,3
P3799,38,3,10
P3800,72,4,6
P3801,100,0,5
P3802,101,4,8
P3803,106,1,3
P3804,39,1,4
P3805,33,2,7
P3806,0,2,9
P3807,118,3,2
P3808,53,2,9
P3809,112,0,8
P3810,79,1,10
P3811,94,1,8
P3812,47,0,6
P3813,96,1,3
P3814,47,1,10
P3815,3,1,6
P3816,52,2,4
P3817,6,0,4
P3818,104,2,4
P3819,118,1,4
P3820,57,1,7
P3821,87,5,1
P3822,106,2,1
P3823,75,1,9
P3824,22,2,1
P3825,18,2,9
P3826,102,2,8
P3827,84,3,10
P3828,66,2,4
P3829,71,1,2
P3830,27,2,7
P3831,80,3,7
P3832,91,3,7
P3833,98,4,8
P3834,27,2,5
P3835,71,0,7
P3836,37,4,9
P3837,87,2,5
P3838,35,3,7
P3839,32,3,3
P3840,71,1,3
P3841,87,1,2
P3842,31,0,2
P3843,102,4,9
P3844,11,4,3
P3845,88,3,3
P3846,101,1,2
P3847,53,1,4
P3848,93,4,9
P3849,38,4,2
P3850,80,0,6
P3851,99,3,1
P3852,110,3,6
P3853,63,0,9
P3854,76,3,1
P3855,71,1,8
P3856,23,3,3
P3857,96,4,5
P3858,73,3,4
P3859,53,1,7
P3860,117,2,2
P3861,81,1,5
P3862,89,0,2
P3863,20,0,8
P3864,43,1,5
P3865,119,6,8
P3866,81,2,4
P3867,35,0,5
P3868,98,3,5
P3869,19,4,8
P3870,53,3,9
P3871,30,1,5
P3872,20,3,1
P3873,37,2,9
P3874,105,3,2
P3875,85,5,10
P3876,21,2,9
P3877,21,0,8
P3878,45,0,3
P3879,76,1,9
P3880,36,2,6
P3881,66,3,5
P3882,59,1,2
P3883,83,1,6
P3884,27,3,8
P3885,26,1,5
P3886,92,3,7
P3887,64,2,10
P3888,5,3,2
P3889,66,0,5
P3890,44,3,8
P3891,83,4,5
P3892,104,1,5
P3893,27,3,4
P3894,112,1,2
P3895,72,4,10
P3896,64,2,1
P3897,64,4,7
P3898,20,5,4
P3899,104,1,7
P3900,97,2,9
P3901,72,0,4
P3902,120,4,7
P3903,3,3,2
P3904,113,2,5
P3905,78,0,1
P3906,58,0,5
P3907,106,5,6
P3908,87,2,2
P3909,63,1,1
P3910,28,0,1
P3911,73,2,10
P3912,91,2,5
P3913,45,2,9
P3914,50,3,6
P3915,60,0,6
P3916,18,1,5
P3917,105,2,4
P3918,100,4,3
P3919,66,3,1
P3920,31,2,10
P3921,2,2,8
P3922,109,2,8
P3923,104,0,8
P3924,77,4,9
P3925,0,1,5
P3926,28,0,8
P3927,11,2,8
P3928,82,2,3
P3929,120,2,3
P3930,36,1,3
P3931,68,2,2
P3932,81,3,5
P3933,65,1,2
P3934,86,2,4
P3935,23,6,6
P3936,58,5,4
P3937,97,2,6
P3938,5,1,6
P3939,68,3,4
P3940,74,1,1
P3941,36,1,2
P3942,44,4,10
P3943,102,4,4
P3944,113,3,8
P3945,46,0,2
P3946,32,4,4
P3947,51,1,4
P3948,118,1,5
P3949,103,3,5
P3950,9,1,6
P3951,23,1,2
P3952,14,2,2
P3953,117,1,8
P3954,10,1,9
P3955,63,0,1
P3956,98,1,7
P3957,82,1,3
P3958,54,2,9
P3959,119,2,9
P3960,52,5,1
P3961,27,5,8
P3962,59,0,3
P3963,17,4,10
P3964,30,2,7
P3965,39,2,1
P3966,117,3,3
P3967,3,2,10
P3968,25,2,6
P3969,50,1,4
P3970,54,0,8
P3971,38,1,1
P3972,84,2,1
P3973,69,4,9
P3974,81,2,6
P3975,32,2,7
P3976,85,2,9
P3977,117,1,4
P3978,52,3,8
P3979,107,0,4
P3980,114,2,4
P3981,2,2,10
P3982,104,3,9
P3983,117,0,1
P3984,65,2,8
P3985,11,1,10
P3986,38,2,7
P3987,110,4,2
P3988,115,1,5
P3989,70,5,10
P3990,116,2,10
P3991,100,5,8
P3992,75,1,3
P3993,24,2,1
P3994,106,1,1
P3995,117,0,5
P3996,38,1,8
P3997,1,1,10
P3998,10,3,1
P3999,109,2,10
P4000,118,4,10
P4001,99,2,4
P4002,43,2,3
P4003,51,3,9
P4004,90,2,4
P4005,16,4,1
P4006,28,4,4
P4007,120,2,7
P4008,2,1,5
P4009,119,2,9
P4010,37,1,10
P4011,98,1,1
P4012,58,1,3
P4013,72,1,8
P4014,61,1,1
P4015,27,2,8
P4016,103,1,8
P4017,38,2,5
P4018,29,1,4
P4019,99,1,1
P4020,20,3,6
P4021,28,1,5
P4022,19,0,8
P4023,27,1,8
P4024,72,5,4
P4025,34,3,8
P4026,60,2,2
P4027,36,1,10
P4028,74,0,2
P4029,84,2,9
P4030,33,5,4
P4031,95,3,1
P4032,43,4,10
P4033,41,0,8
P4034,103,3,10
P4035,24,0,10
P4036,44,2,7
P4037,109,4,2
P4038,88,4,1
P4039,15,2,1
P4040,51,3,7
P4041,74,2,4
P4042,60,3,4
P4043,107,3,6
P4044,61,3,7
P4045,5,0,6
P4046,60,5,9
P4047,14,5,10
P4048,4,0,3
P4049,13,4,2
P4050,52,2,10
P4051,58,3,10
P4052,30,5,2
P4053,76,2,6
P4054,106,4,1
P4055,56,2,5
P4056,14,1,3
P4057,105,2,2
P4058,107,2,4
P4059,26,2,2
P4060,26,0,8
P4061,59,3,2
P4062,76,0,9
P4063,60,1,4
P4064,14,1,1
P4065,10,10,6
P4066,90,2,9
P4067,15,2,7
P4068,84,0,1
P4069,92,4,7
P4070,88,2,2
P4071,50,0,2
P4072,81,2,5
P4073,82,1,8
P4074,3,2,3
P4075,114,2,10
P4076,20,3,6
P4077,28,0,4
P4078,13,2,3
P4079,2,2,1
P4080,101,1,6
P4081,44,2,2
P4082,40,2,5
P4083,101,2,9
P4084,60,2,8
P4085,24,1,2
P4086,62,5,9
P4087,111,3,3
P4088,21,5,6
P4089,2,2,2
P4090,120,4,9
P4091,72,1,1
P4092,3,3,5
P4093,22,3,6
P4094,53,0,7
P4095,11,2,4
P4096,110,1,4
P4097,16,2,2
P4098,86,4,10
P4099,109,1,8
P4100,67,2,9
P4101,17,2,1
P4102,24,1,3
P4103,87,4,7
P4104,33,1,8
P4105,78,1,6
P4106,99,4,7
P4107,7,3,3
P4108,1,2,3
P4109,94,2,10
P4110,112,3,5
P4111,5,2,1
P4112,102,1,7
P4113,103,3,5
P4114,84,2,6
P4115,9,1,9
P4116,116,1,6
P4117,41,4,5
P4118,50,0,7
P4119,36,3,8
P4120,51,3,10
P4121,79,2,4
P4122,67,2,1
P4123,91,2,5
P4124,100,2,7
P4125,11,1,9
P4126,1,2,4
P4127,73,1,10
P4128,50,1,5
P4129,57,2,6
P4130,106,0,4
P4131,1,2,3
P4132,32,1,1
P4133,2,2,6
P4134,24,1,10
P4135,99,2,7
P4136,51,4,8
P4137,19,1,2
P4138,3,2,10
P4139,44,1,7
P4140,76,1,3
P4141,20,0,4
P4142,69,1,2
P4143,5,2,6
P4144,66,0,7
P4145,98,1,4
P4146,33,4,4
P4147,4,5,10
P4148,95,1,4
P4149,93,1,6
P4150,101,3,7
P4151,2,0,2
P4152,79,1,5
P4153,3,1,4
P4154,52,0,3
P4155,92,1,6
P4156,86,4,7
P4157,119,1,2
P4158,44,2,10
P4159,96,1,1
P4160,18,0,1
P4161,88,5,8
P4162,32,2,9
P4163,71,4,6
P4164,52,6,1
P4165,43,3,7
P4166,71,3,1
P4167,27,2,6
P4168,45,2,5
P4169,23,3,5
P4170,7,1,4
P4171,21,4,10
P4172,66,3,4
P4173,105,0,2
P4174,53,2,9
P4175,60,2,2
P4176,39,3,6
P4177,108,2,10
P4178,119,3,4
P4179,84,1,1
P4180,22,1,6
P4181,58,0,6
P4182,4,1,3
P4183,30,1,6
P4184,31,2,9
P4185,24,1,9
P4186,71,0,8
P4187,95,1,10
P4188,67,2,8
P4189,2,2,3
P4190,97,3,9
P4191,13,3,3
P4192,22,2,1
P4193,54,3,7
P4194,86,3,2
P4195,101,2,4
P4196,18,3,7
P4197,70,1,7
P4198,10,5,8
P4199,89,2,8
P4200,54,5,10
P4201,55,4,4
P4202,73,1,6
P4203,44,3,10
P4204,86,0,3
P4205,42,3,8
P4206,90,2,4
P4207,29,3,1
P4208,58,1,3
P4209,60,5,4
P4210,113,2,3
P4211,47,2,6
P4212,29,4,5
P4213,55,1,2
P4214,13,1,8
P4215,99,2,5
P4216,55,4,6
P4217,17,1,5
P4218,56,3,10
P4219,63,0,5
P4220,105,3,7
P4221,7,0,10
P4222,112,3,9
P4223,37,2,5
P4224,44,2,3
P4225,43,2,9
P4226,57,5,8
P4227,39,0,1
P4228,63,1,10
P4229,42,1,8
P4230,87,0,3
P4231,65,4,4
P4232,27,1,5
P4233,4,0,9
P4234,46,1,8
P4235,90,1,4
P4236,80,2,9
P4237,36,1,8
P4238,49,1,3
P4239,68,1,6
P4240,93,2,1
P4241,80,1,3
P4242,26,2,8
P4243,92,0,2
P4244,90,3,4
P4245,67,0,5
P4246,100,0,5
P4247,4,1,8
P4248,115,0,5
P4249,100,0,5
P4250,72,4,1
P4251,113,1,6
P4252,6,2,10
P4253,104,6,9
P4254,63,5,6
P4255,102,2,6
P4256,44,2,2
P4257,19,2,9
P4258,43,2,6
P4259,32,1,4
P4260,84,0,1
P4261,112,2,3
P4262,48,1,2
P4263,102,1,9
P4264,105,2,2
P4265,26,1,10
P4266,63,1,10
P4267,58,4,6
P4268,51,3,4
P4269,45,4,2
P4270,54,5,7
P4271,7,5,8
P4272,36,4,6
P4273,83,5,8
P4274,108,2,1
P4275,19,1,10
P4276,71,3,7
P4277,39,2,9
P4278,52,1,8
P4279,86,0,2
P4280,110,5,10
P4281,62,2,9
P4282,20,6,10
P4283,0,1,9
P4284,82,2,4
P4285,11,3,4
P4286,32,4,8
P4287,46,0,4
P4288,14,1,1
P4289,41,2,2
P4290,24,3,9
P4291,27,1,10
P4292,81,2,9
P4293,8,1,3
P4294,77,2,8
P4295,12,5,6
P4296,45,1,2
P4297,47,4,5
P4298,54,3,4
P4299,99,2,6
P4300,14,1,1
P4301,63,2,9
P4302,48,3,7
P4303,9,2,5
P4304,111,1,1
P4305,117,3,2
P4306,94,3,3
P4307,56,0,2
P4308,97,0,3
P4309,20,1,1
P4310,28,4,2
P4311,0,0,6
P4312,120,2,10
P4313,75,1,6
P4314,115,3,6
P4315,28,3,7
P4316,83,0,9
P4317,78,0,9
P4318,24,4,8
P4319,94,4,9
P4320,52,2,6
P4321,56,2,3
P4322,58,0,5
P4323,65,8,3
P4324,55,2,8
P4325,27,0,3
P4326,61,1,4
P4327,85,3,5
P4328,4,0,10
P4329,114,1,4
P4330,91,5,4
P4331,33,1,9
P4332,101,3,6
P4333,93,2,7
P4334,115,1,4
P4335,98,2,7
P4336,11,0,8
P4337,73,1,6
P4338,90,1,5
P4339,15,2,1
P4340,21,2,5
P4341,72,2,4
P4342,96,2,3
P4343,87,1,1
P4344,88,2,8
P4345,24,1,10
P4346,75,2,9
P4347,111,2,7
P4348,21,1,4
P4349,58,3,2
P4350,90,1,9
P4351,51,2,9
P4352,60,1,1
P4353,29,1,6
P4354,109,3,1
P4355,104,0,6
P4356,8,0,8
P4357,49,1,8
P4358,45,4,8
P4359,25,2,1
P4360,44,2,3
P4361,71,2,7
P4362,71,2,8
P4363,110,3,6
P4364,58,4,2
P4365,3,3,10
P4366,31,0,10
P4367,3,3,3
P4368,22,2,6
P4369,33,0,1
P4370,59,2,6
P4371,75,2,9
P4372,48,3,7
P4373,47,1,4
P4374,72,1,2
P4375,96,2,9
P4376,19,3,1
P4377,68,0,1
P4378,13,2,9
P4379,35,5,7
P4380,5,3,8
P4381,24,1,9
P4382,23,2,7
P4383,60,3,10
P4384,45,1,6
P4385,55,1,1
P4386,99,4,9
P4387,32,2,5
P4388,59,3,9
P4389,44,2,9
P4390,77,1,7
P4391,40,1,2
P4392,75,1,6
P4393,81,1,1
P4394,54,1,2
P4395,95,0,1
P4396,37,3,4
P4397,120,2,5
P4398,110,1,7
P4399,51,2,8
P4400,89,0,4
P4401,97,2,7
P4402,57,2,5
P4403,98,0,5
P4404,40,0,7
P4405,67,4,5
P4406,47,4,8
P4407,51,2,5
P4408,11,2,2
P4409,116,4,8
P4410,74,4,10
P4411,63,5,4
P4412,24,1,5
P4413,75,3,1
P4414,70,0,2
P4415,95,6,6
P4416,56,2,6
P4417,37,1,7
P4418,98,2,6
P4419,7,1,7
P4420,76,2,10
P4421,101,2,4
P4422,3,4,3
P4423,1,3,6
P4424,20,3,4
P4425,95,4,9
P4426,34,1,3
P4427,17,1,8
P4428,38,2,3
P4429,89,0,2
P4430,110,2,7
P4431,3,4,4
P4432,15,3,2
P4433,119,3,9
P4434,38,1,10
P4435,76,3,2
P4436,5,1,9
P4437,39,2,2
P4438,7,5,9
P4439,28,1,7
P4440,51,1,10
P4441,118,1,10
P4442,75,0,6
P4443,0,3,3
P4444,5,0,4
P4445,20,4,10
P4446,80,2,7
P4447,55,2,8
P4448,78,3,9
P4449,12,3,5
P4450,105,6,5
P4451,1,2,7
P4452,91,3,5
P4453,36,2,9
P4454,45,0,4
P4455,67,1,7
P4456,43,2,10
P4457,91,0,3
P4458,99,2,10
P4459,29,1,8
P4460,120,1,6
P4461,16,1,7
P4462,91,1,7
P4463,82,1,2
P4464,49,2,7
P4465,18,0,10
P4466,13,3,7
P4467,31,0,5
P4468,90,4,4
P4469,9,3,1
P4470,64,1,8
P4471,71,2,9
P4472,43,3,9
P4473,9,3,4
P4474,17,3,4
P4475,120,2,3
P4476,95,2,8
P4477,95,1,7
P4478,61,3,3
P4479,86,2,7
P4480,84,1,10
P4481,16,2,6
P4482,62,1,3
P4483,18,2,1
P4484,4,0,5
P4485,92,0,8
P4486,102,2,6
P4487,34,1,8
P4488,99,5,5
P4489,39,3,3
P4490,27,2,3
P4491,40,0,1
P4492,29,3,4
P4493,67,1,4
P4494,43,5,4
P4495,3,1,5
P4496,99,1,6
P4497,25,4,7
P4498,66,2,6
P4499,19,0,4
P4500,117,1,2
P4501,53,3,5
P4502,108,3,6
P4503,3,5,2
P4504,100,3,5
P4505,75,3,1
P4506,97,2,9
P4507,14,3,7
P4508,38,2,3
P4509,82,4,4
P4510,27,2,5
P4511,90,1,10
P4512,49,1,6
P4513,66,3,1
P4514,53,2,4
P4515,18,1,5
P4516,23,4,3
P4517,74,1,5
P4518,27,3,9
P4519,34,1,4
P4520,91,1,4
P4521,0,2,4
P4522,98,0,5
P4523,84,1,9
P4524,86,3,10
P4525,4,2,9
P4526,2,2,7
P4527,12,2,1
P4528,64,2,1
P4529,83,2,8
P4530,42,4,6
P4531,66,3,3
P4532,63,2,7
P4533,90,1,9
P4534,41,7,8
P4535,12,0,8
P4536,25,1,9
P4537,87,2,6
P4538,20,2,3
P4539,26,1,10
P4540,66,4,1
P4541,50,1,4
P4542,61,1,4
P4543,33,3,9
P4544,13,1,10
P4545,13,2,1
P4546,112,0,5
P4547,88,3,2
P4548,93,1,3
P4549,105,2,1
P4550,118,2,2
P4551,61,0,3
P4552,82,2,7
P4553,77,0,1
P4554,1,1,10
P4555,46,2,9
P4556,9,2,9
P4557,10,2,9
P4558,66,1,4
P4559,48,3,2
P4560,53,3,4
P4561,96,6,7
P4562,24,0,4
P4563,70,2,5
P4564,51,3,1
P4565,4,0,9
P4566,31,3,5
P4567,71,2,5
P4568,9,1,5
P4569,42,1,3
P4570,20,3,4
P4571,5,1,2
P4572,87,5,7
P4573,107,0,4
P4574,72,2,6
P4575,28,2,10
P4576,12,3,4
P4577,97,1,3
P4578,66,4,7
P4579,46,2,1
P4580,86,3,1
P4581,43,0,9
P4582,107,0,2
P4583,81,1,4
P4584,70,1,5
P4585,118,0,9
P4586,48,1,6
P4587,33,2,3
P4588,61,2,1
P4589,55,1,5
P4590,53,3,5
P4591,80,5,7
P4592,41,3,3
P4593,52,2,3
P4594,35,0,8
P4595,112,3,4
P4596,79,4,3
P4597,18,1,3
P4598,7,3,3
P4599,7,3,4
P4600,34,3,3
P4601,66,5,7
P4602,54,1,2
P4603,113,1,3
P4604,25,3,9
P4605,91,3,9
P4606,47,6,5
P4607,89,2,2
P4608,3,3,1
P4609,33,3,8
P4610,45,1,10
P4611,26,2,7
P4612,70,2,8
P4613,60,2,2
P4614,20,0,10
P4615,57,6,2
P4616,40,1,6
P4617,115,0,7
P4618,103,2,9
P4619,27,1,2
P4620,18,3,2
P4621,40,3,1
P4622,96,1,3
P4623,29,2,4
P4624,26,2,2
P4625,27,2,7
P4626,29,1,6
P4627,59,4,5
P4628,118,2,6
P4629,37,0,4
P4630,93,2,4
P4631,85,1,3
P4632,43,5,3
P4633,2,2,8
P4634,80,3,4
P4635,101,3,7
P4636,84,3,3
P4637,108,0,6
P4638,51,1,3
P4639,10,3,1
P4640,47,0,7
P4641,85,3,2
P4642,107,2,2
P4643,7,1,8
P4644,41,2,6
P4645,54,5,4
P4646,2,1,3
P4647,62,2,8
P4648,98,4,8
P4649,83,3,3
P4650,43,2,7
P4651,35,1,8
P4652,120,4,6
P4653,101,1,7
P4654,113,1,7
P4655,95,2,7
P4656,42,0,4
P4657,6,2,7
P4658,41,2,9
P4659,31,4,5
P4660,6,3,5
P4661,17,1,3
P4662,0,2,8
P4663,77,2,9
P4664,6,1,2
P4665,13,0,2
P4666,9,1,1
P4667,54,1,1
P4668,2,4,4
P4669,31,1,2
P4670,4,2,2
P4671,85,3,3
P4672,82,1,9
P4673,92,1,6
P4674,64,2,2
P4675,16,0,3
P4676,54,2,9
P4677,56,1,7
P4678,37,1,6
P4679,92,0,9
P4680,13,1,10
P4681,74,1,2
P4682,45,3,6
P4683,57,3,8
P4684,113,2,2
P4685,67,1,7
P4686,61,3,6
P4687,86,2,3
P4688,107,1,9
P4689,96,2,3
P4690,48,5,2
P4691,80,0,7
P4692,92,3,8
P4693,94,2,10
P4694,16,2,9
P4695,24,2,10
P4696,97,1,5
P4697,0,1,3
P4698,74,3,1
P4699,64,0,7
P4700,115,4,9
P4701,61,3,4
P4702,49,0,8
P4703,77,2,3
P4704,111,1,8
P4705,86,2,8
P4706,4,2,8
P4707,71,1,7
P4708,37,1,5
P4709,5,2,9
P4710,91,0,3
P4711,56,1,3
P4712,96,0,3
P4713,35,2,6
P4714,26,3,6
P4715,86,3,10
P4716,81,0,6
P4717,62,0,2
P4718,84,0,9
P4719,25,1,1
P4720,2,3,4
P4721,23,2,2
P4722,82,1,5
P4723,15,5,7
P4724,12,2,5
P4725,17,1,5
P4726,53,1,1
P4727,68,3,6
P4728,97,1,2
P4729,45,2,1
P4730,72,3,6
P4731,56,4,4
P4732,55,4,2
P4733,108,1,5
P4734,2,4,1
P4735,29,2,10
P4736,56,0,10
P4737,106,1,2
P4738,59,0,8
P4739,11,1,4
P4740,6,6,1
P4741,40,2,8
P4742,90,0,10
P4743,75,1,2
P4744,5,2,7
P4745,5,0,5
P4746,0,5,5
P4747,87,2,7
P4748,31,0,5
P4749,19,4,10
P4750,78,1,10
P4751,106,1,1
P4752,62,0,7
P4753,56,2,4
P4754,114,1,3
P4755,82,1,3
P4756,96,1,3
P4757,35,4,5
P4758,60,2,9
P4759,50,1,7
P4760,62,1,6
P4761,62,3,6
P4762,61,3,9
P4763,20,6,6
P4764,37,1,1
P4765,73,2,5
P4766,79,4,1
P4767,107,1,6
P4768,78,0,9
P4769,63,1,7
P4770,73,2,8
P4771,43,3,5
P4772,72,5,5
P4773,102,2,9
P4774,77,3,1
P4775,107,5,4
P4776,101,4,5
P4777,34,1,2
P4778,101,5,10
P4779,0,5,1
P4780,105,3,7
P4781,94,3,4
P4782,55,0,8
P4783,79,2,3
P4784,25,1,2
P4785,101,4,7
P4786,11,1,6
P4787,36,1,3
P4788,68,4,10
P4789,58,1,10
P4790,26,3,1
P4791,48,3,9
P4792,119,3,3
P4793,116,2,7
P4794,24,0,7
P4795,58,2,7
P4796,65,1,6
P4797,1,3,2
P4798,28,1,7
P4799,119,1,1
P4800,18,4,10
P4801,65,1,4
P4802,22,2,8
P4803,92,2,2
P4804,28,2,9
P4805,19,3,10
P4806,16,2,6
P4807,27,3,2
P4808,96,1,10
P4809,104,0,7
P4810,120,1,8
P4811,66,2,4
P4812,52,1,7
P4813,74,3,4
P4814,44,4,9
P4815,111,0,2
P4816,80,5,8
P4817,58,1,3
P4818,102,2,4
P4819,81,1,9
P4820,64,3,8
P4821,37,3,7
P4822,49,4,6
P4823,33,0,10
P4824,93,1,7
P4825,88,5,3
P4826,1,2,7
P4827,3,2,7
P4828,76,1,10
P4829,118,1,7
P4830,110,1,7
P4831,74,3,2
P4832,19,2,1
P4833,70,1,8
P4834,36,3,10
P4835,64,2,1
P4836,115,4,10
P4837,54,4,8
P4838,1,3,8
P4839,67,2,2
P4840,54,2,10
P4841,77,2,1
P4842,56,1,8
P4843,100,3,4
P4844,44,3,4
P4845,8,0,5
P4846,5,2,10
P4847,44,1,6
P4848,31,1,5
P4849,30,2,6
P4850,25,0,5
P4851,9,3,5
P4852,106,2,8
P4853,103,2,4
P4854,75,1,10
P4855,15,2,6
P4856,116,3,7
P4857,8,0,9
P4858,88,1,1
P4859,114,0,6
P4860,7,2,10
P4861,48,0,8
P4862,29,0,3
P4863,109,2,4
P4864,49,0,7
P4865,116,2,1
P4866,108,0,5
P4867,36,7,5
P4868,100,2,10
P4869,69,0,9
P4870,34,4,8
P4871,43,2,2
P4872,64,1,2
P4873,85,1,9
P4874,49,0,10
P4875,80,1,9
P4876,34,3,9
P4877,87,0,3
P4878,58,4,2
P4879,11,0,10
P4880,115,3,2
P4881,44,3,5
P4882,74,1,10
P4883,102,3,6
P4884,93,1,7
P4885,25,1,3
P4886,69,1,4
P4887,93,2,3
P4888,1,2,3
P4889,119,2,1
P4890,80,2,6
P4891,57,0,4
P4892,39,4,8
P4893,29,1,10
P4894,92,2,9
P4895,113,0,7
P4896,32,3,10
P4897,108,0,1
P4898,57,0,7
P4899,6,4,6
P4900,104,5,2
P4901,10,1,4
P4902,4,2,9
P4903,105,0,9
P4904,97,3,3
P4905,45,1,7
P4906,39,0,7
P4907,88,0,2
P4908,57,1,10
P4909,58,2,1
P4910,96,1,6
P4911,33,3,7
P4912,64,1,10
P4913,10,1,8
P4914,24,0,5
P4915,108,2,4
P4916,55,1,6
P4917,46,2,10
P4918,74,2,2
P4919,99,1,2
P4920,37,1,8
P4921,92,1,10
P4922,61,3,6
P4923,3,2,9
P4924,94,3,3
P4925,109,3,3
P4926,110,3,4
P4927,6,3,1
P4928,76,1,9
P4929,55,3,6
P4930,113,1,1
P4931,80,2,7
P4932,12,2,9
P4933,110,0,2
P4934,67,2,7
P4935,57,0,9
P4936,84,2,6
P4937,47,0,8
P4938,31,1,9
P4939,67,1,7
P4940,82,2,8
P4941,41,1,2
P4942,11,3,1
P4943,115,3,9
P4944,105,0,5
P4945,100,2,2
P4946,120,2,2
P4947,66,3,1
P4948,59,3,2
P4949,110,2,10
P4950,84,1,2
P4951,23,2,7
P4952,3,0,8
P4953,71,4,3
P4954,73,1,2
P4955,21,5,8
P4956,43,1,9
P4957,96,1,10
P4958,90,2,3
P4959,61,0,6
P4960,57,1,10
P4961,80,1,3
P4962,79,1,7
P4963,120,5,6
P4964,32,0,3
P4965,17,2,5
P4966,11,3,2
P4967,90,1,7
P4968,81,3,5
P4969,66,1,10
P4970,116,2,7
P4971,15,1,3
P4972,52,1,5
P4973,20,1,2
P4974,47,5,3
P4975,108,1,2
P4976,39,3,1
P4977,56,3,3
P4978,40,3,4
P4979,27,2,10
P4980,14,1,6
P4981,59,1,1
P4982,75,2,1
P4983,52,4,1
P4984,51,5,4
P4985,53,3,9
P4986,65,2,6
P4987,99,2,5
P4988,74,3,2
P4989,93,1,2
P4990,35,5,3
P4991,86,1,9
P4992,1,0,8
P4993,7,3,7
P4994,56,1,4
P4995,27,3,6
P4996,26,1,8
P4997,34,4,8
P4998,113,1,1
P4999,79,2,3
P5000,21,2,6
