personnel_id,leave_days,days_since_last_leave,leave_frequency
P0001,1,10,1
P0002,12,8,4
P0003,8,55,3
P0004,15,41,1
P0005,2,49,4
P0006,6,81,1
P0007,12,18,0
P0008,7,75,1
P0009,8,58,2
P0010,7,53,1
P0011,10,88,1
P0012,1,25,3
P0013,11,59,2
P0014,0,72,2
P0015,3,10,1
P0016,5,64,0
P0017,2,65,0
P0018,0,7,1
P0019,13,64,3
P0020,6,86,1
P0021,12,64,3
P0022,14,49,2
P0023,6,13,2
P0024,14,39,1
P0025,7,42,4
P0026,13,74,2
P0027,9,77,0
P0028,3,49,4
P0029,9,57,3
P0030,1,8,2
P0031,2,15,2
P0032,15,18,0
P0033,4,29,3
P0034,11,53,3
P0035,5,22,0
P0036,10,8,3
P0037,9,36,4
P0038,14,56,2
P0039,9,19,3
P0040,13,58,2
P0041,14,71,1
P0042,7,67,4
P0043,0,20,0
P0044,12,72,1
P0045,15,23,1
P0046,12,64,3
P0047,14,36,4
P0048,1,84,0
P0049,1,68,3
P0050,7,32,4
P0051,9,77,1
P0052,5,32,1
P0053,11,64,2
P0054,6,29,4
P0055,5,29,1
P0056,5,50,2
P0057,11,8,2
P0058,13,28,0
P0059,7,88,0
P0060,13,72,3
P0061,8,25,2
P0062,1,74,3
P0063,5,39,2
P0064,0,77,0
P0065,10,5,1
P0066,2,85,3
P0067,10,49,2
P0068,2,81,3
P0069,11,62,1
P0070,6,32,4
P0071,1,70,4
P0072,15,76,4
P0073,10,49,3
P0074,6,76,4
P0075,9,38,1
P0076,4,20,3
P0077,13,56,2
P0078,8,76,3
P0079,6,44,1
P0080,7,40,3
P0081,6,45,0
P0082,0,75,3
P0083,9,28,4
P0084,0,22,1
P0085,13,23,1
P0086,8,11,1
P0087,6,32,3
P0088,9,85,4
P0089,4,77,3
P0090,3,26,2
P0091,1,14,3
P0092,9,45,4
P0093,13,55,0
P0094,0,60,4
P0095,6,28,2
P0096,11,85,0
P0097,6,53,3
P0098,14,78,4
P0099,9,46,2
P0100,15,79,1
P0101,10,57,1
P0102,7,79,3
P0103,7,55,3
P0104,4,57,3
P0105,4,17,0
P0106,14,13,2
P0107,3,57,0
P0108,2,55,2
P0109,15,44,0
P0110,13,62,2
P0111,14,35,1
P0112,9,46,2
P0113,12,70,0
P0114,0,78,1
P0115,1,37,3
P0116,4,61,0
P0117,10,88,1
P0118,13,51,1
P0119,8,8,2
P0120,12,87,4
P0121,6,16,1
P0122,4,27,2
P0123,2,27,3
P0124,1,16,4
P0125,2,31,2
P0126,13,71,4
P0127,15,56,0
P0128,2,37,3
P0129,4,39,3
P0130,0,49,4
P0131,3,54,1
P0132,13,74,1
P0133,14,38,3
P0134,12,88,3
P0135,10,68,0
P0136,12,31,0
P0137,12,44,2
P0138,13,62,3
P0139,13,89,2
P0140,10,63,0
P0141,0,37,1
P0142,12,58,1
P0143,3,58,1
P0144,3,21,0
P0145,9,78,0
P0146,6,52,2
P0147,15,53,2
P0148,8,28,3
P0149,3,57,2
P0150,9,30,3
P0151,1,7,1
P0152,8,72,1
P0153,6,86,4
P0154,8,64,3
P0155,10,37,1
P0156,1,27,2
P0157,8,87,4
P0158,4,63,3
P0159,4,75,2
P0160,11,59,3
P0161,13,19,4
P0162,0,58,4
P0163,12,85,4
P0164,10,85,2
P0165,3,16,1
P0166,6,54,2
P0167,3,80,0
P0168,7,86,2
P0169,10,13,0
P0170,5,55,0
P0171,7,10,3
P0172,2,17,1
P0173,1,81,4
P0174,14,12,3
P0175,7,23,0
P0176,9,36,4
P0177,15,27,2
P0178,8,75,1
P0179,2,6,3
P0180,6,80,3
P0181,3,21,0
P0182,3,7,3
P0183,6,22,0
P0184,10,71,4
P0185,0,65,1
P0186,2,21,0
P0187,0,31,3
P0188,14,54,4
P0189,0,32,0
P0190,4,28,3
P0191,2,24,3
P0192,5,72,4
P0193,11,66,4
P0194,7,15,3
P0195,4,48,3
P0196,5,88,1
P0197,10,79,4
P0198,0,21,3
P0199,13,41,3
P0200,5,54,4
P0201,12,42,4
P0202,5,28,1
P0203,12,36,1
P0204,7,34,4
P0205,3,55,1
P0206,8,59,0
P0207,2,35,3
P0208,2,58,4
P0209,1,24,3
P0210,1,89,4
P0211,14,40,3
P0212,11,24,4
P0213,3,50,4
P0214,1,74,0
P0215,9,22,2
P0216,15,38,2
P0217,7,15,1
P0218,0,51,2
P0219,7,44,3
P0220,11,89,3
P0221,11,63,1
P0222,5,90,3
P0223,7,45,3
P0224,0,67,0
P0225,12,76,1
P0226,9,81,2
P0227,7,51,4
P0228,6,34,4
P0229,7,89,0
P0230,7,11,1
P0231,10,16,3
P0232,11,23,3
P0233,2,80,3
P0234,10,74,2
P0235,15,13,0
P0236,1,14,1
P0237,0,86,1
P0238,6,36,2
P0239,5,74,2
P0240,14,38,2
P0241,13,9,2
P0242,0,58,1
P0243,0,15,1
P0244,9,25,0
P0245,13,50,2
P0246,10,78,3
P0247,4,41,4
P0248,13,62,0
P0249,8,73,3
P0250,6,51,3
P0251,15,56,4
P0252,2,12,0
P0253,4,76,2
P0254,12,54,2
P0255,11,48,4
P0256,3,63,1
P0257,15,32,4
P0258,11,48,2
P0259,14,27,4
P0260,14,25,1
P0261,6,84,2
P0262,5,77,1
P0263,1,17,4
P0264,7,14,2
P0265,0,25,0
P0266,15,47,0
P0267,5,80,1
P0268,10,86,1
P0269,15,53,0
P0270,3,25,3
P0271,5,60,2
P0272,14,15,1
P0273,0,49,1
P0274,13,63,2
P0275,13,56,1
P0276,15,21,4
P0277,4,50,0
P0278,12,10,0
P0279,0,8,1
P0280,15,31,1
P0281,12,67,0
P0282,10,32,4
P0283,15,32,2
P0284,9,86,3
P0285,5,45,1
P0286,3,59,2
P0287,4,26,0
P0288,15,61,1
P0289,8,47,1
P0290,1,6,2
P0291,3,12,0
P0292,0,72,1
P0293,15,65,2
P0294,9,54,1
P0295,8,26,0
P0296,13,9,2
P0297,14,30,0
P0298,11,21,1
P0299,1,43,1
P0300,14,37,2
P0301,7,30,3
P0302,2,61,4
P0303,4,9,0
P0304,13,86,0
P0305,8,65,4
P0306,3,70,4
P0307,8,44,1
P0308,3,74,2
P0309,13,29,1
P0310,9,47,3
P0311,15,32,2
P0312,8,65,3
P0313,4,15,4
P0314,15,68,4
P0315,1,13,2
P0316,15,14,3
P0317,2,22,3
P0318,14,15,1
P0319,10,25,1
P0320,12,49,0
P0321,12,68,2
P0322,14,32,3
P0323,3,45,3
P0324,3,73,3
P0325,0,9,0
P0326,9,76,0
P0327,0,60,4
P0328,9,54,3
P0329,6,18,2
P0330,10,9,3
P0331,4,90,3
P0332,9,12,2
P0333,0,64,2
P0334,8,14,1
P0335,3,79,3
P0336,10,11,4
P0337,11,79,4
P0338,6,48,1
P0339,7,90,4
P0340,14,48,0
P0341,13,10,4
P0342,10,61,2
P0343,15,74,0
P0344,11,59,3
P0345,2,28,2
P0346,2,65,1
P0347,2,64,3
P0348,7,87,2
P0349,14,56,4
P0350,5,5,3
P0351,8,87,1
P0352,10,43,2
P0353,10,34,3
P0354,3,19,0
P0355,15,29,0
P0356,2,30,4
P0357,11,10,2
P0358,12,21,4
P0359,13,8,3
P0360,6,20,4
P0361,6,34,0
P0362,7,43,1
P0363,1,79,3
P0364,2,65,3
P0365,2,35,4
P0366,12,62,2
P0367,14,61,3
P0368,11,14,3
P0369,1,60,3
P0370,2,65,2
P0371,0,15,4
P0372,4,49,3
P0373,12,52,3
P0374,13,32,4
P0375,8,63,4
P0376,8,76,2
P0377,1,10,4
P0378,1,55,2
P0379,12,53,4
P0380,7,13,4
P0381,7,77,3
P0382,8,15,1
P0383,12,39,1
P0384,10,47,4
P0385,13,64,2
P0386,12,29,1
P0387,14,9,3
P0388,14,9,4
P0389,15,53,1
P0390,6,34,1
P0391,11,18,1
P0392,8,85,0
P0393,5,9,4
P0394,4,43,2
P0395,8,88,2
P0396,4,29,1
P0397,3,40,4
P0398,1,51,2
P0399,15,63,3
P0400,10,71,4
P0401,10,40,0
P0402,2,60,3
P0403,2,86,4
P0404,6,82,2
P0405,11,5,2
P0406,7,70,3
P0407,12,31,3
P0408,14,10,4
P0409,6,25,4
P0410,15,74,0
P0411,11,63,1
P0412,10,5,1
P0413,8,84,2
P0414,9,18,2
P0415,3,44,0
P0416,3,83,3
P0417,2,41,4
P0418,9,29,2
P0419,2,48,3
P0420,6,33,1
P0421,9,61,3
P0422,8,26,3
P0423,5,10,2
P0424,15,87,3
P0425,5,53,0
P0426,12,27,0
P0427,4,78,2
P0428,7,58,2
P0429,13,22,1
P0430,3,41,0
P0431,13,34,3
P0432,10,52,2
P0433,15,36,4
P0434,3,78,2
P0435,14,48,1
P0436,6,18,0
P0437,5,74,2
P0438,12,26,3
P0439,12,22,3
P0440,5,90,0
P0441,1,61,4
P0442,14,77,1
P0443,9,6,4
P0444,10,49,1
P0445,4,75,3
P0446,14,16,2
P0447,6,73,4
P0448,11,29,1
P0449,2,77,1
P0450,12,50,4
P0451,11,23,0
P0452,9,14,2
P0453,8,59,4
P0454,15,75,2
P0455,12,78,2
P0456,5,31,2
P0457,6,52,1
P0458,5,62,3
P0459,7,58,1
P0460,13,62,4
P0461,15,36,1
P0462,5,69,4
P0463,5,10,3
P0464,8,88,2
P0465,6,71,1
P0466,14,54,4
P0467,0,15,2
P0468,5,78,3
P0469,5,11,0
P0470,0,5,0
P0471,14,68,1
P0472,0,15,2
P0473,12,14,1
P0474,15,20,2
P0475,9,78,4
P0476,7,13,4
P0477,6,69,2
P0478,11,84,0
P0479,12,45,1
P0480,13,44,0
P0481,2,41,3
P0482,15,76,0
P0483,4,39,3
P0484,14,21,2
P0485,1,25,4
P0486,0,31,3
P0487,15,48,3
P0488,11,29,0
P0489,14,27,2
P0490,1,69,3
P0491,1,17,3
P0492,15,84,2
P0493,1,36,4
P0494,6,29,2
P0495,11,70,2
P0496,14,37,2
P0497,3,68,1
P0498,11,57,3
P0499,13,15,0
P0500,13,63,2
P0501,1,25,1
P0502,7,56,2
P0503,3,8,1
P0504,11,80,1
P0505,9,45,2
P0506,0,18,1
P0507,4,80,1
P0508,3,29,3
P0509,4,44,2
P0510,5,74,0
P0511,10,82,4
P0512,4,57,0
P0513,14,49,0
P0514,11,7,3
P0515,6,44,3
P0516,9,74,3
P0517,11,66,3
P0518,9,52,0
P0519,7,71,4
P0520,3,67,0
P0521,10,27,0
P0522,1,35,0
P0523,14,40,4
P0524,15,57,3
P0525,0,51,3
P0526,0,23,0
P0527,9,11,1
P0528,14,81,2
P0529,15,22,3
P0530,1,72,2
P0531,15,18,4
P0532,7,18,1
P0533,12,74,2
P0534,8,79,2
P0535,0,71,0
P0536,15,48,2
P0537,13,54,3
P0538,2,76,1
P0539,15,58,1
P0540,15,33,4
P0541,14,63,2
P0542,2,28,2
P0543,15,78,0
P0544,7,75,2
P0545,4,5,1
P0546,12,38,4
P0547,5,65,3
P0548,7,12,4
P0549,3,50,4
P0550,14,89,1
P0551,14,67,3
P0552,5,61,0
P0553,7,30,0
P0554,8,31,2
P0555,7,28,0
P0556,1,14,3
P0557,9,86,4
P0558,12,21,1
P0559,2,86,1
P0560,15,47,0
P0561,1,87,1
P0562,15,50,0
P0563,7,19,0
P0564,4,79,4
P0565,15,10,2
P0566,15,80,2
P0567,14,43,1
P0568,2,41,0
P0569,8,69,0
P0570,14,18,0
P0571,11,41,2
P0572,5,60,3
P0573,14,11,2
P0574,9,82,2
P0575,13,40,3
P0576,4,46,4
P0577,4,86,0
P0578,3,15,1
P0579,12,60,2
P0580,5,46,1
P0581,8,24,3
P0582,10,16,1
P0583,15,42,1
P0584,0,62,1
P0585,1,89,2
P0586,13,68,2
P0587,15,44,1
P0588,13,72,4
P0589,4,40,1
P0590,10,11,4
P0591,11,60,3
P0592,8,60,0
P0593,0,83,1
P0594,1,48,2
P0595,6,55,0
P0596,6,32,1
P0597,10,41,3
P0598,7,38,4
P0599,12,52,4
P0600,13,41,2
P0601,13,81,0
P0602,8,54,4
P0603,10,52,1
P0604,14,11,0
P0605,3,87,4
P0606,12,81,3
P0607,5,32,4
P0608,1,82,4
P0609,4,72,1
P0610,10,87,1
P0611,1,7,4
P0612,6,52,0
P0613,9,10,2
P0614,0,23,3
P0615,3,65,1
P0616,14,27,2
P0617,0,74,1
P0618,12,23,2
P0619,11,9,2
P0620,11,43,3
P0621,0,26,4
P0622,12,55,0
P0623,9,55,3
P0624,9,34,2
P0625,13,45,4
P0626,8,63,4
P0627,1,43,3
P0628,5,50,4
P0629,0,26,2
P0630,14,31,4
P0631,4,39,1
P0632,14,54,1
P0633,14,32,4
P0634,8,65,2
P0635,7,62,0
P0636,12,37,2
P0637,13,82,3
P0638,6,38,1
P0639,15,46,0
P0640,6,18,0
P0641,11,43,2
P0642,3,82,0
P0643,3,74,1
P0644,1,69,0
P0645,3,41,1
P0646,9,49,3
P0647,10,63,1
P0648,10,59,3
P0649,10,69,3
P0650,12,62,3
P0651,10,48,4
P0652,13,80,4
P0653,12,56,1
P0654,14,31,3
P0655,5,60,0
P0656,9,44,4
P0657,15,16,0
P0658,9,40,1
P0659,0,28,2
P0660,6,68,4
P0661,12,35,2
P0662,2,14,3
P0663,10,52,1
P0664,13,5,2
P0665,0,29,3
P0666,7,88,0
P0667,11,49,2
P0668,7,48,1
P0669,6,82,3
P0670,3,35,2
P0671,6,5,4
P0672,13,27,3
P0673,6,20,0
P0674,6,35,4
P0675,12,11,0
P0676,2,68,1
P0677,5,65,1
P0678,0,30,3
P0679,3,45,1
P0680,13,58,4
P0681,15,81,1
P0682,5,76,4
P0683,3,5,4
P0684,5,44,2
P0685,13,56,2
P0686,12,25,3
P0687,10,61,0
P0688,6,24,4
P0689,13,72,2
P0690,8,9,2
P0691,8,36,0
P0692,1,45,4
P0693,6,70,2
P0694,10,8,4
P0695,5,71,1
P0696,11,82,4
P0697,3,48,2
P0698,2,48,4
P0699,2,87,3
P0700,12,11,3
P0701,0,75,4
P0702,8,77,1
P0703,10,42,3
P0704,12,19,1
P0705,8,52,2
P0706,1,44,0
P0707,15,39,0
P0708,15,49,0
P0709,13,41,4
P0710,2,49,0
P0711,14,40,0
P0712,1,14,0
P0713,9,72,1
P0714,10,19,3
P0715,6,7,2
P0716,15,24,2
P0717,7,46,0
P0718,11,60,0
P0719,3,80,2
P0720,7,5,1
P0721,0,40,1
P0722,2,52,1
P0723,8,80,3
P0724,11,57,2
P0725,8,28,3
P0726,9,73,2
P0727,11,44,2
P0728,5,90,1
P0729,14,55,4
P0730,7,73,4
P0731,10,68,1
P0732,13,79,3
P0733,4,37,0
P0734,10,80,1
P0735,3,58,2
P0736,0,24,4
P0737,14,28,1
P0738,11,82,2
P0739,9,28,3
P0740,1,89,2
P0741,3,29,2
P0742,4,18,4
P0743,8,63,3
P0744,8,16,1
P0745,11,86,3
P0746,15,54,2
P0747,15,57,2
P0748,0,31,2
P0749,12,55,0
P0750,2,47,2
P0751,14,20,2
P0752,4,75,4
P0753,8,58,0
P0754,8,34,2
P0755,7,50,3
P0756,14,28,3
P0757,0,63,0
P0758,4,45,2
P0759,15,57,4
P0760,3,22,4
P0761,15,46,0
P0762,0,12,4
P0763,3,43,4
P0764,11,73,2
P0765,9,67,2
P0766,10,46,4
P0767,7,33,2
P0768,5,6,0
P0769,1,42,2
P0770,1,11,0
P0771,3,45,1
P0772,2,28,3
P0773,15,14,4
P0774,10,59,4
P0775,10,9,4
P0776,2,90,2
P0777,3,78,1
P0778,3,10,2
P0779,8,41,1
P0780,2,36,3
P0781,13,89,0
P0782,12,61,4
P0783,3,89,2
P0784,4,34,3
P0785,1,81,2
P0786,9,51,3
P0787,1,44,1
P0788,11,68,2
P0789,6,31,3
P0790,15,11,2
P0791,14,81,3
P0792,10,35,2
P0793,0,70,2
P0794,1,36,4
P0795,5,23,4
P0796,13,43,4
P0797,15,20,1
P0798,6,88,1
P0799,13,82,1
P0800,5,80,0
P0801,14,72,2
P0802,8,80,4
P0803,11,20,0
P0804,12,82,3
P0805,14,64,0
P0806,4,36,2
P0807,8,45,1
P0808,12,33,1
P0809,3,88,0
P0810,3,7,2
P0811,10,38,2
P0812,15,46,0
P0813,8,50,2
P0814,7,60,1
P0815,10,90,3
P0816,9,54,1
P0817,9,11,2
P0818,15,53,4
P0819,4,30,1
P0820,0,6,3
P0821,12,64,0
P0822,8,19,4
P0823,5,47,4
P0824,11,75,3
P0825,3,80,1
P0826,2,70,1
P0827,3,66,4
P0828,0,57,4
P0829,13,64,1
P0830,12,26,4
P0831,4,12,4
P0832,10,30,2
P0833,2,34,3
P0834,9,60,0
P0835,6,22,0
P0836,5,74,4
P0837,5,85,0
P0838,5,85,4
P0839,15,71,0
P0840,15,6,3
P0841,2,45,2
P0842,13,82,0
P0843,7,53,2
P0844,0,43,0
P0845,3,14,4
P0846,3,89,4
P0847,1,83,3
P0848,8,30,0
P0849,8,34,0
P0850,0,60,3
P0851,12,49,3
P0852,12,18,1
P0853,0,21,0
P0854,2,79,4
P0855,12,22,2
P0856,10,77,1
P0857,8,59,1
P0858,2,82,0
P0859,15,13,3
P0860,12,6,0
P0861,1,26,0
P0862,4,53,4
P0863,9,59,3
P0864,9,74,2
P0865,9,78,0
P0866,4,43,4
P0867,7,5,0
P0868,1,52,4
P0869,14,62,2
P0870,15,11,0
P0871,7,35,4
P0872,14,72,2
P0873,10,38,1
P0874,14,82,4
P0875,6,85,1
P0876,1,82,4
P0877,5,14,0
P0878,15,65,2
P0879,3,85,2
P0880,7,65,3
P0881,13,42,0
P0882,1,78,0
P0883,9,57,0
P0884,0,34,0
P0885,11,37,1
P0886,9,78,1
P0887,15,43,4
P0888,7,51,1
P0889,15,56,0
P0890,10,47,4
P0891,2,86,2
P0892,14,32,1
P0893,2,20,3
P0894,0,86,3
P0895,4,89,3
P0896,2,24,2
P0897,2,49,0
P0898,8,28,3
P0899,1,32,0
P0900,5,28,3
P0901,7,74,4
P0902,8,85,0
P0903,4,21,1
P0904,8,24,1
P0905,2,13,2
P0906,7,87,4
P0907,7,72,3
P0908,10,25,1
P0909,14,34,1
P0910,8,25,4
P0911,13,34,3
P0912,13,64,1
P0913,13,49,4
P0914,10,39,1
P0915,7,55,0
P0916,14,32,3
P0917,9,24,4
P0918,3,47,4
P0919,2,67,2
P0920,1,83,1
P0921,7,81,3
P0922,13,37,3
P0923,12,29,2
P0924,2,69,2
P0925,3,66,3
P0926,10,36,1
P0927,11,55,3
P0928,10,81,0
P0929,2,72,2
P0930,10,58,3
P0931,11,86,2
P0932,7,89,0
P0933,5,52,2
P0934,3,30,2
P0935,12,60,3
P0936,4,84,4
P0937,13,82,2
P0938,8,76,2
P0939,2,26,3
P0940,14,80,1
P0941,6,13,1
P0942,15,43,2
P0943,11,12,2
P0944,10,73,4
P0945,2,37,4
P0946,9,20,2
P0947,2,68,3
P0948,12,19,1
P0949,3,87,0
P0950,12,88,0
P0951,14,75,2
P0952,1,88,3
P0953,2,76,1
P0954,9,54,0
P0955,8,19,3
P0956,0,31,0
P0957,9,66,2
P0958,5,82,3
P0959,9,64,2
P0960,15,60,4
P0961,11,83,0
P0962,5,42,2
P0963,4,77,0
P0964,5,84,4
P0965,9,89,4
P0966,14,19,4
P0967,3,75,2
P0968,7,42,3
P0969,1,26,3
P0970,3,11,0
P0971,2,62,1
P0972,1,59,4
P0973,12,32,2
P0974,15,50,0
P0975,2,7,0
P0976,12,44,2
P0977,3,25,3
P0978,11,51,2
P0979,11,6,4
P0980,10,61,0
P0981,2,68,0
P0982,2,18,3
P0983,2,29,3
P0984,8,6,1
P0985,8,25,4
P0986,12,56,2
P0987,13,85,2
P0988,14,66,1
P0989,3,48,4
P0990,12,22,0
P0991,12,43,3
P0992,9,82,4
P0993,10,28,4
P0994,9,54,2
P0995,3,43,4
P0996,6,58,3
P0997,14,6,3
P0998,5,74,0
P0999,5,54,1
P1000,4,5,4
P1001,8,23,4
P1002,1,38,2
P1003,0,86,3
P1004,13,22,4
P1005,15,33,3
P1006,14,83,2
P1007,4,39,2
P1008,3,57,1
P1009,5,90,2
P1010,2,57,3
P1011,8,66,0
P1012,6,87,3
P1013,6,53,4
P1014,14,18,2
P1015,2,18,4
P1016,3,69,4
P1017,9,72,0
P1018,2,24,1
P1019,2,71,4
P1020,4,34,3
P1021,9,33,0
P1022,10,31,0
P1023,10,25,0
P1024,11,36,3
P1025,1,26,1
P1026,8,87,1
P1027,4,32,3
P1028,4,5,4
P1029,14,85,3
P1030,12,89,4
P1031,7,80,3
P1032,9,38,2
P1033,14,8,4
P1034,13,69,0
P1035,11,54,2
P1036,14,54,4
P1037,7,78,3
P1038,13,90,1
P1039,0,75,3
P1040,14,54,0
P1041,1,74,2
P1042,10,34,2
P1043,5,89,4
P1044,4,60,3
P1045,5,35,4
P1046,10,74,2
P1047,7,58,1
P1048,6,33,3
P1049,12,55,3
P1050,11,65,3
P1051,13,89,3
P1052,9,64,0
P1053,11,68,1
P1054,9,44,2
P1055,13,75,0
P1056,4,17,1
P1057,1,54,3
P1058,3,40,0
P1059,2,56,0
P1060,15,75,4
P1061,15,77,3
P1062,8,26,2
P1063,7,70,4
P1064,2,60,4
P1065,5,69,1
P1066,15,53,3
P1067,15,13,1
P1068,2,90,0
P1069,9,58,4
P1070,15,58,0
P1071,11,70,0
P1072,15,35,4
P1073,12,63,4
P1074,13,86,0
P1075,5,57,1
P1076,10,40,4
P1077,4,79,1
P1078,10,38,0
P1079,12,64,2
P1080,5,24,3
P1081,4,57,3
P1082,0,42,3
P1083,1,10,1
P1084,1,31,0
P1085,2,23,1
P1086,8,28,0
P1087,11,74,0
P1088,14,58,2
P1089,13,29,4
P1090,13,9,1
P1091,14,84,3
P1092,5,42,3
P1093,0,35,0
P1094,5,74,3
P1095,7,77,1
P1096,7,67,1
P1097,3,85,0
P1098,13,58,4
P1099,7,88,0
P1100,5,37,1
P1101,11,79,3
P1102,3,74,2
P1103,14,90,2
P1104,1,65,3
P1105,3,48,1
P1106,11,87,0
P1107,9,29,3
P1108,14,78,1
P1109,12,84,4
P1110,7,69,0
P1111,10,58,2
P1112,9,24,0
P1113,10,56,4
P1114,5,73,3
P1115,1,25,1
P1116,15,73,2
P1117,14,80,0
P1118,3,25,4
P1119,13,23,2
P1120,11,85,3
P1121,8,38,4
P1122,9,61,0
P1123,7,54,2
P1124,2,26,1
P1125,2,53,3
P1126,10,26,0
P1127,13,64,0
P1128,7,11,4
P1129,14,8,4
P1130,6,7,0
P1131,1,37,4
P1132,13,8,1
P1133,8,65,2
P1134,0,85,4
P1135,0,10,2
P1136,9,25,2
P1137,2,32,1
P1138,10,36,3
P1139,0,50,2
P1140,7,13,1
P1141,13,20,2
P1142,3,72,2
P1143,2,87,3
P1144,5,7,4
P1145,3,63,3
P1146,1,41,4
P1147,6,48,2
P1148,14,10,0
P1149,4,25,0
P1150,11,89,2
P1151,11,79,1
P1152,8,41,0
P1153,0,83,4
P1154,1,47,2
P1155,5,19,4
P1156,3,8,1
P1157,6,84,2
P1158,11,11,0
P1159,9,66,0
P1160,11,32,1
P1161,7,22,0
P1162,8,54,0
P1163,14,49,1
P1164,13,69,3
P1165,2,19,4
P1166,4,55,3
P1167,13,39,4
P1168,3,36,3
P1169,11,58,0
P1170,2,84,0
P1171,13,49,3
P1172,4,88,2
P1173,6,70,2
P1174,3,6,1
P1175,7,57,2
P1176,3,67,4
P1177,3,44,4
P1178,0,37,3
P1179,2,80,2
P1180,5,77,2
P1181,15,65,3
P1182,12,46,0
P1183,9,22,4
P1184,12,76,0
P1185,8,90,0
P1186,15,88,3
P1187,6,85,4
P1188,9,13,0
P1189,9,71,0
P1190,0,24,1
P1191,13,20,0
P1192,13,5,2
P1193,1,5,2
P1194,8,73,2
P1195,5,59,0
P1196,2,67,3
P1197,15,85,2
P1198,15,49,2
P1199,9,17,0
P1200,13,82,4
P1201,12,48,0
P1202,15,60,3
P1203,5,69,0
P1204,7,71,2
P1205,4,82,0
P1206,6,6,4
P1207,8,47,2
P1208,15,78,0
P1209,11,41,0
P1210,11,39,2
P1211,11,61,2
P1212,12,47,0
P1213,15,64,1
P1214,14,71,1
P1215,15,48,0
P1216,2,49,0
P1217,6,64,3
P1218,4,29,3
P1219,3,88,1
P1220,14,23,1
P1221,3,83,0
P1222,1,36,4
P1223,2,84,0
P1224,1,55,1
P1225,12,56,4
P1226,3,47,1
P1227,1,65,0
P1228,2,72,2
P1229,14,58,4
P1230,13,6,3
P1231,11,42,3
P1232,3,31,2
P1233,13,19,4
P1234,5,58,1
P1235,13,82,1
P1236,10,33,0
P1237,5,28,3
P1238,5,46,3
P1239,9,26,0
P1240,6,50,1
P1241,5,46,2
P1242,3,89,4
P1243,9,17,3
P1244,7,39,2
P1245,8,17,3
P1246,4,45,4
P1247,6,79,0
P1248,13,83,4
P1249,2,24,2
P1250,9,27,4
P1251,4,24,2
P1252,11,22,3
P1253,12,76,3
P1254,7,73,0
P1255,1,11,1
P1256,4,90,0
P1257,10,80,2
P1258,14,21,1
P1259,2,37,1
P1260,5,71,1
P1261,12,67,0
P1262,8,80,0
P1263,15,25,4
P1264,15,82,1
P1265,0,75,3
P1266,8,76,3
P1267,9,43,4
P1268,7,45,0
P1269,4,89,2
P1270,2,41,2
P1271,0,73,0
P1272,4,11,1
P1273,8,60,4
P1274,11,81,1
P1275,4,78,2
P1276,0,30,3
P1277,0,25,4
P1278,1,83,3
P1279,1,75,3
P1280,13,54,2
P1281,15,71,2
P1282,1,37,4
P1283,8,41,3
P1284,2,23,4
P1285,15,87,0
P1286,1,31,2
P1287,5,56,1
P1288,4,12,1
P1289,9,57,1
P1290,11,68,0
P1291,15,6,0
P1292,3,80,1
P1293,10,30,0
P1294,11,21,0
P1295,14,44,4
P1296,11,32,0
P1297,7,56,1
P1298,4,78,2
P1299,2,21,2
P1300,7,14,2
P1301,15,85,3
P1302,12,68,0
P1303,0,21,1
P1304,11,53,3
P1305,5,11,0
P1306,9,69,2
P1307,9,35,0
P1308,8,69,2
P1309,7,7,0
P1310,6,64,0
P1311,13,13,4
P1312,12,6,3
P1313,15,12,3
P1314,9,41,1
P1315,4,13,1
P1316,10,26,4
P1317,8,75,2
P1318,10,19,3
P1319,12,25,0
P1320,7,51,4
P1321,13,76,2
P1322,11,51,1
P1323,12,27,1
P1324,5,70,1
P1325,5,42,0
P1326,9,32,0
P1327,2,86,2
P1328,2,6,2
P1329,14,83,3
P1330,3,54,1
P1331,12,42,3
P1332,11,30,2
P1333,8,85,1
P1334,1,48,3
P1335,2,16,0
P1336,14,48,0
P1337,5,5,0
P1338,15,19,2
P1339,4,7,4
P1340,7,49,2
P1341,9,43,3
P1342,4,83,1
P1343,3,43,2
P1344,12,24,1
P1345,14,16,2
P1346,11,57,1
P1347,13,12,1
P1348,7,65,0
P1349,8,82,3
P1350,5,49,0
P1351,15,5,0
P1352,7,64,1
P1353,13,52,1
P1354,8,56,1
P1355,4,40,4
P1356,7,39,0
P1357,13,76,1
P1358,9,84,1
P1359,14,56,3
P1360,7,65,2
P1361,1,14,3
P1362,3,16,0
P1363,10,23,0
P1364,9,58,4
P1365,12,22,4
P1366,11,88,4
P1367,12,19,3
P1368,10,68,4
P1369,6,58,2
P1370,15,63,4
P1371,6,47,3
P1372,6,81,2
P1373,7,40,3
P1374,11,50,0
P1375,7,84,4
P1376,8,23,4
P1377,13,48,3
P1378,13,24,3
P1379,10,11,1
P1380,13,6,4
P1381,13,42,0
P1382,14,17,3
P1383,0,68,3
P1384,6,35,0
P1385,13,89,4
P1386,6,58,4
P1387,4,61,2
P1388,8,81,2
P1389,1,46,0
P1390,12,90,1
P1391,9,16,3
P1392,13,51,2
P1393,2,14,0
P1394,8,75,2
P1395,4,8,3
P1396,12,89,1
P1397,6,9,4
P1398,15,80,0
P1399,13,61,0
P1400,4,86,3
P1401,10,27,1
P1402,5,11,2
P1403,13,19,4
P1404,15,90,2
P1405,5,74,0
P1406,5,80,1
P1407,8,8,0
P1408,9,65,2
P1409,7,18,2
P1410,2,11,1
P1411,9,65,3
P1412,7,32,4
P1413,6,78,4
P1414,11,87,3
P1415,2,32,0
P1416,10,71,2
P1417,8,85,3
P1418,9,43,3
P1419,10,39,3
P1420,4,70,0
P1421,1,49,3
P1422,7,75,3
P1423,7,74,3
P1424,4,88,3
P1425,4,44,1
P1426,6,54,1
P1427,2,39,4
P1428,12,42,4
P1429,4,31,0
P1430,8,7,2
P1431,5,34,4
P1432,5,82,1
P1433,7,28,0
P1434,14,50,0
P1435,10,59,1
P1436,0,32,0
P1437,12,36,4
P1438,1,63,4
P1439,3,67,1
P1440,12,16,0
P1441,7,10,3
P1442,13,78,4
P1443,10,63,3
P1444,3,72,4
P1445,15,55,1
P1446,9,72,1
P1447,8,45,2
P1448,4,57,3
P1449,15,57,2
P1450,5,69,4
P1451,6,57,2
P1452,1,52,1
P1453,8,22,0
P1454,11,55,0
P1455,11,63,1
P1456,9,21,4
P1457,13,81,2
P1458,15,86,3
P1459,13,39,0
P1460,13,85,2
P1461,11,6,1
P1462,11,36,4
P1463,4,32,4
P1464,13,74,2
P1465,11,44,4
P1466,2,15,0
P1467,7,47,4
P1468,1,78,1
P1469,12,6,1
P1470,11,88,0
P1471,5,63,2
P1472,5,74,2
P1473,14,37,1
P1474,14,15,1
P1475,1,69,3
P1476,5,40,4
P1477,3,61,1
P1478,0,18,4
P1479,12,9,1
P1480,12,90,4
P1481,4,42,1
P1482,14,41,2
P1483,15,5,4
P1484,12,76,0
P1485,6,33,4
P1486,10,83,3
P1487,9,30,0
P1488,10,27,1
P1489,0,85,0
P1490,1,65,3
P1491,11,33,1
P1492,9,46,2
P1493,8,54,1
P1494,6,61,2
P1495,0,58,3
P1496,4,72,2
P1497,1,86,1
P1498,10,8,2
P1499,15,90,1
P1500,12,84,2
P1501,2,83,4
P1502,14,47,0
P1503,12,25,0
P1504,8,81,1
P1505,12,40,1
P1506,5,45,1
P1507,8,61,0
P1508,11,26,3
P1509,5,26,4
P1510,13,70,4
P1511,7,73,1
P1512,2,15,3
P1513,4,16,3
P1514,12,33,3
P1515,2,12,2
P1516,4,20,0
P1517,12,12,1
P1518,7,9,0
P1519,5,70,0
P1520,9,69,3
P1521,13,51,3
P1522,4,79,1
P1523,15,13,3
P1524,5,65,0
P1525,5,49,0
P1526,12,41,2
P1527,11,77,0
P1528,5,29,1
P1529,11,75,0
P1530,14,35,2
P1531,15,87,2
P1532,0,65,0
P1533,8,74,0
P1534,8,37,2
P1535,14,39,0
P1536,15,40,3
P1537,4,64,1
P1538,9,48,0
P1539,11,59,1
P1540,11,55,4
P1541,2,90,2
P1542,6,11,4
P1543,0,17,0
P1544,15,88,1
P1545,9,54,3
P1546,0,67,0
P1547,0,43,2
P1548,11,45,0
P1549,9,58,2
P1550,4,66,2
P1551,1,86,3
P1552,6,50,1
P1553,0,32,1
P1554,3,45,1
P1555,5,43,1
P1556,0,62,0
P1557,15,54,2
P1558,11,81,2
P1559,2,21,2
P1560,12,48,3
P1561,15,32,3
P1562,12,38,1
P1563,1,21,3
P1564,1,32,3
P1565,3,20,0
P1566,4,9,4
P1567,4,86,3
P1568,15,66,4
P1569,15,15,1
P1570,10,7,2
P1571,9,64,1
P1572,8,21,2
P1573,2,44,3
P1574,14,55,0
P1575,2,8,0
P1576,2,8,3
P1577,0,61,0
P1578,6,72,0
P1579,14,32,3
P1580,15,85,0
P1581,6,21,3
P1582,4,55,1
P1583,13,24,4
P1584,15,66,3
P1585,0,34,2
P1586,15,20,1
P1587,11,7,4
P1588,4,59,0
P1589,4,63,3
P1590,8,82,3
P1591,14,83,1
P1592,4,8,4
P1593,0,27,2
P1594,5,25,3
P1595,3,61,4
P1596,15,75,3
P1597,15,21,1
P1598,11,62,4
P1599,4,84,3
P1600,7,60,3
P1601,13,76,4
P1602,8,22,3
P1603,11,47,1
P1604,5,83,4
P1605,5,64,4
P1606,14,28,0
P1607,12,5,3
P1608,0,77,4
P1609,13,32,1
P1610,10,56,2
P1611,1,66,2
P1612,1,74,0
P1613,10,20,3
P1614,4,66,2
P1615,5,7,2
P1616,2,25,2
P1617,5,41,3
P1618,0,39,2
P1619,9,25,1
P1620,12,7,2
P1621,3,45,0
P1622,10,45,4
P1623,8,50,3
P1624,0,51,3
P1625,11,79,3
P1626,13,15,4
P1627,1,60,0
P1628,11,76,0
P1629,4,78,3
P1630,6,63,2
P1631,3,40,4
P1632,9,6,3
P1633,1,89,3
P1634,11,40,1
P1635,13,47,4
P1636,9,79,1
P1637,15,87,3
P1638,4,75,2
P1639,8,14,2
P1640,4,36,4
P1641,15,9,2
P1642,2,16,0
P1643,5,63,3
P1644,14,90,4
P1645,0,60,1
P1646,14,63,2
P1647,5,80,2
P1648,10,85,1
P1649,12,9,3
P1650,6,19,1
P1651,0,60,4
P1652,7,20,3
P1653,7,59,0
P1654,4,82,2
P1655,11,35,3
P1656,12,58,0
P1657,3,38,3
P1658,7,84,0
P1659,15,74,3
P1660,5,39,0
P1661,2,7,4
P1662,6,82,0
P1663,2,9,4
P1664,2,63,1
P1665,8,52,0
P1666,5,41,3
P1667,3,89,1
P1668,15,28,3
P1669,6,53,2
P1670,0,77,0
P1671,5,81,4
P1672,0,55,1
P1673,13,36,1
P1674,3,75,3
P1675,15,87,0
P1676,13,49,3
P1677,6,51,0
P1678,15,28,2
P1679,15,89,4
P1680,15,64,0
P1681,12,22,1
P1682,15,15,2
P1683,9,22,0
P1684,4,69,2
P1685,10,35,4
P1686,11,55,2
P1687,8,42,3
P1688,11,61,1
P1689,9,72,2
P1690,9,52,2
P1691,11,51,0
P1692,11,6,4
P1693,7,47,4
P1694,3,61,3
P1695,11,78,3
P1696,2,78,4
P1697,11,33,2
P1698,2,17,4
P1699,8,50,3
P1700,1,63,3
P1701,0,7,3
P1702,6,64,2
P1703,4,67,1
P1704,14,65,0
P1705,11,56,0
P1706,0,50,3
P1707,10,69,4
P1708,0,32,1
P1709,12,78,0
P1710,1,24,2
P1711,0,64,0
P1712,1,12,1
P1713,13,26,0
P1714,9,13,1
P1715,5,71,0
P1716,8,51,3
P1717,2,6,4
P1718,10,87,0
P1719,11,68,1
P1720,6,38,3
P1721,15,90,3
P1722,13,10,2
P1723,13,24,3
P1724,0,20,2
P1725,5,76,4
P1726,12,52,0
P1727,3,52,1
P1728,3,71,3
P1729,13,33,4
P1730,9,54,0
P1731,13,7,0
P1732,6,9,0
P1733,2,69,2
P1734,1,22,0
P1735,12,5,0
P1736,8,26,0
P1737,1,49,3
P1738,3,16,1
P1739,11,68,4
P1740,7,48,4
P1741,0,17,1
P1742,1,79,3
P1743,8,22,0
P1744,1,50,0
P1745,0,37,3
P1746,13,26,4
P1747,4,50,3
P1748,10,38,3
P1749,2,72,0
P1750,10,26,4
P1751,8,89,0
P1752,8,85,0
P1753,6,63,2
P1754,0,85,0
P1755,3,64,0
P1756,9,62,3
P1757,8,52,4
P1758,4,29,0
P1759,8,17,4
P1760,11,67,1
P1761,13,88,3
P1762,6,79,1
P1763,12,84,0
P1764,12,9,3
P1765,15,39,2
P1766,13,58,1
P1767,5,47,1
P1768,7,22,1
P1769,12,90,4
P1770,1,44,4
P1771,12,29,4
P1772,12,90,2
P1773,8,51,2
P1774,13,21,0
P1775,12,54,3
P1776,9,9,4
P1777,14,43,3
P1778,12,21,2
P1779,2,84,1
P1780,10,12,2
P1781,0,55,2
P1782,15,88,1
P1783,10,75,0
P1784,3,81,4
P1785,9,13,3
P1786,14,37,3
P1787,13,82,3
P1788,6,26,1
P1789,9,53,3
P1790,14,26,3
P1791,2,46,3
P1792,0,18,4
P1793,15,34,4
P1794,9,36,1
P1795,2,38,3
P1796,3,80,3
P1797,2,52,1
P1798,7,38,1
P1799,15,75,2
P1800,2,88,2
P1801,2,21,3
P1802,7,72,0
P1803,1,90,0
P1804,8,18,0
P1805,2,76,4
P1806,15,5,1
P1807,9,83,1
P1808,8,80,1
P1809,7,23,2
P1810,0,6,1
P1811,4,10,1
P1812,7,72,2
P1813,1,40,0
P1814,10,82,1
P1815,8,82,2
P1816,8,67,0
P1817,0,16,3
P1818,1,60,0
P1819,3,15,2
P1820,13,13,1
P1821,5,40,3
P1822,3,33,3
P1823,14,45,3
P1824,11,68,4
P1825,15,26,0
P1826,0,35,0
P1827,11,24,2
P1828,4,19,0
P1829,8,39,3
P1830,6,67,2
P1831,14,71,3
P1832,1,68,4
P1833,9,81,1
P1834,11,78,1
P1835,13,29,4
P1836,4,32,0
P1837,1,19,4
P1838,6,86,3
P1839,5,86,2
P1840,9,8,2
P1841,13,64,2
P1842,13,63,2
P1843,12,23,0
P1844,3,48,3
P1845,10,16,0
P1846,14,11,4
P1847,0,16,1
P1848,14,19,4
P1849,7,77,0
P1850,5,84,1
P1851,12,9,0
P1852,15,57,1
P1853,15,25,1
P1854,3,65,0
P1855,10,45,0
P1856,7,12,3
P1857,3,37,4
P1858,14,61,4
P1859,9,59,3
P1860,2,47,3
P1861,9,6,1
P1862,1,54,0
P1863,12,19,2
P1864,6,85,2
P1865,10,44,0
P1866,15,20,3
P1867,13,82,3
P1868,1,86,3
P1869,8,84,0
P1870,0,84,1
P1871,2,47,2
P1872,6,13,3
P1873,15,6,3
P1874,2,58,4
P1875,11,71,0
P1876,11,76,2
P1877,9,41,4
P1878,4,71,2
P1879,7,89,1
P1880,7,50,4
P1881,11,36,2
P1882,13,51,4
P1883,13,8,1
P1884,6,59,0
P1885,11,72,4
P1886,10,40,3
P1887,14,71,0
P1888,13,37,0
P1889,0,7,0
P1890,12,36,4
P1891,7,49,0
P1892,4,27,4
P1893,9,76,2
P1894,4,28,1
P1895,2,68,2
P1896,5,43,3
P1897,7,60,1
P1898,14,78,4
P1899,14,38,2
P1900,2,9,2
P1901,6,57,3
P1902,9,46,3
P1903,1,10,3
P1904,3,73,0
P1905,14,57,4
P1906,12,70,2
P1907,12,88,0
P1908,9,50,2
P1909,0,21,0
P1910,3,24,3
P1911,10,19,0
P1912,12,31,3
P1913,7,24,3
P1914,15,83,1
P1915,5,53,4
P1916,7,85,2
P1917,1,39,3
P1918,7,40,4
P1919,7,37,2
P1920,13,41,4
P1921,15,47,0
P1922,1,17,2
P1923,11,77,2
P1924,7,89,4
P1925,5,43,2
P1926,11,50,4
P1927,15,9,3
P1928,7,10,1
P1929,6,87,1
P1930,8,24,2
P1931,3,8,1
P1932,9,44,0
P1933,2,48,0
P1934,7,24,0
P1935,3,22,4
P1936,0,37,4
P1937,1,13,1
P1938,14,75,3
P1939,13,76,3
P1940,4,27,2
P1941,6,19,2
P1942,10,54,2
P1943,8,43,3
P1944,13,76,4
P1945,6,17,3
P1946,4,46,4
P1947,2,23,4
P1948,8,69,4
P1949,8,43,0
P1950,9,46,4
P1951,2,54,0
P1952,4,33,0
P1953,1,22,3
P1954,3,18,4
P1955,12,23,1
P1956,13,62,3
P1957,7,13,0
P1958,13,81,1
P1959,1,66,1
P1960,8,25,0
P1961,4,44,3
P1962,12,75,0
P1963,1,48,1
P1964,0,46,3
P1965,4,41,2
P1966,15,78,3
P1967,0,42,0
P1968,10,37,3
P1969,7,24,4
P1970,9,30,0
P1971,9,75,2
P1972,1,13,1
P1973,5,64,3
P1974,4,51,4
P1975,12,33,1
P1976,14,19,0
P1977,15,70,0
P1978,8,13,0
P1979,7,24,0
P1980,1,5,3
P1981,9,58,2
P1982,1,28,3
P1983,5,24,4
P1984,10,77,3
P1985,15,17,4
P1986,5,29,1
P1987,10,18,0
P1988,1,6,3
P1989,9,20,2
P1990,13,34,2
P1991,2,7,4
P1992,15,55,0
P1993,13,44,4
P1994,6,21,0
P1995,4,73,0
P1996,4,70,2
P1997,14,27,2
P1998,13,38,0
P1999,0,55,3
P2000,5,84,1
P2001,15,62,2
P2002,14,65,3
P2003,8,45,0
P2004,8,54,1
P2005,12,65,4
P2006,14,85,1
P2007,6,30,4
P2008,10,77,3
P2009,10,77,1
P2010,3,74,3
P2011,0,10,4
P2012,11,7,4
P2013,7,46,0
P2014,0,63,1
P2015,7,54,3
P2016,12,37,3
P2017,1,71,3
P2018,2,74,4
P2019,6,47,0
P2020,4,48,0
P2021,0,54,1
P2022,7,66,1
P2023,2,82,1
P2024,15,45,3
P2025,10,61,0
P2026,4,82,2
P2027,3,32,3
P2028,4,63,0
P2029,5,33,1
P2030,0,24,1
P2031,2,31,4
P2032,2,72,4
P2033,4,71,1
P2034,4,86,1
P2035,14,48,0
P2036,2,69,0
P2037,12,21,0
P2038,3,62,0
P2039,8,42,4
P2040,10,41,2
P2041,10,79,3
P2042,11,38,2
P2043,11,43,3
P2044,13,20,0
P2045,14,36,2
P2046,12,21,3
P2047,11,60,3
P2048,4,46,1
P2049,2,11,3
P2050,10,33,2
P2051,1,38,1
P2052,10,51,3
P2053,15,61,1
P2054,2,21,1
P2055,9,14,0
P2056,8,24,0
P2057,10,15,1
P2058,7,40,1
P2059,3,12,4
P2060,3,82,4
P2061,7,51,1
P2062,15,88,1
P2063,15,41,0
P2064,0,31,0
P2065,13,83,4
P2066,14,38,2
P2067,7,16,1
P2068,7,64,1
P2069,14,12,2
P2070,11,77,1
P2071,13,62,0
P2072,10,63,2
P2073,4,17,2
P2074,2,36,4
P2075,13,12,3
P2076,2,87,2
P2077,1,73,3
P2078,1,22,3
P2079,11,64,3
P2080,5,58,2
P2081,5,26,3
P2082,11,25,2
P2083,6,46,2
P2084,8,20,3
P2085,9,21,1
P2086,10,11,0
P2087,5,66,3
P2088,11,61,2
P2089,14,37,2
P2090,9,28,2
P2091,0,77,1
P2092,5,35,0
P2093,15,10,0
P2094,4,21,0
P2095,9,66,4
P2096,6,22,4
P2097,12,28,3
P2098,12,23,0
P2099,3,53,1
P2100,3,20,1
P2101,14,14,3
P2102,6,28,0
P2103,7,5,4
P2104,9,78,0
P2105,14,81,2
P2106,11,51,0
P2107,15,16,0
P2108,7,73,1
P2109,2,47,1
P2110,7,77,4
P2111,7,23,2
P2112,7,7,0
P2113,6,18,2
P2114,0,31,3
P2115,13,75,3
P2116,13,86,1
P2117,13,89,2
P2118,10,29,1
P2119,13,48,0
P2120,11,86,2
P2121,5,70,3
P2122,12,33,1
P2123,14,45,2
P2124,11,87,1
P2125,15,31,4
P2126,14,29,0
P2127,5,68,2
P2128,8,25,3
P2129,15,21,0
P2130,9,21,4
P2131,6,29,1
P2132,9,10,1
P2133,0,82,2
P2134,10,84,4
P2135,15,27,2
P2136,4,60,4
P2137,5,86,3
P2138,4,11,0
P2139,9,13,0
P2140,7,79,0
P2141,13,41,0
P2142,6,45,2
P2143,8,89,4
P2144,8,12,4
P2145,10,14,1
P2146,11,52,1
P2147,15,10,0
P2148,12,14,2
P2149,3,13,1
P2150,4,7,1
P2151,12,88,4
P2152,7,40,2
P2153,14,39,3
P2154,14,86,1
P2155,12,35,0
P2156,3,78,1
P2157,13,87,1
P2158,6,16,4
P2159,14,86,1
P2160,13,24,1
P2161,6,24,1
P2162,11,38,4
P2163,2,23,3
P2164,11,90,2
P2165,5,25,3
P2166,5,17,4
P2167,4,46,0
P2168,15,52,3
P2169,1,82,0
P2170,9,56,4
P2171,1,21,0
P2172,0,30,0
P2173,15,55,0
P2174,0,54,3
P2175,1,78,2
P2176,3,70,2
P2177,1,47,4
P2178,0,36,0
P2179,9,19,2
P2180,14,21,1
P2181,5,27,1
P2182,10,40,1
P2183,12,36,4
P2184,11,73,2
P2185,1,47,3
P2186,3,79,0
P2187,3,18,3
P2188,2,18,0
P2189,2,83,4
P2190,12,6,4
P2191,8,14,2
P2192,5,23,4
P2193,11,53,0
P2194,4,28,1
P2195,4,12,2
P2196,0,34,2
P2197,3,30,3
P2198,3,82,0
P2199,8,49,4
P2200,1,66,1
P2201,11,62,1
P2202,3,63,3
P2203,3,79,3
P2204,12,70,3
P2205,15,45,1
P2206,6,73,4
P2207,6,67,3
P2208,2,45,3
P2209,2,41,1
P2210,6,49,3
P2211,10,11,3
P2212,15,57,0
P2213,12,56,2
P2214,11,54,1
P2215,15,52,3
P2216,5,10,1
P2217,0,86,4
P2218,2,45,3
P2219,11,36,2
P2220,0,37,0
P2221,10,64,1
P2222,12,32,0
P2223,9,76,4
P2224,8,87,1
P2225,7,63,4
P2226,13,49,0
P2227,10,42,3
P2228,2,33,1
P2229,5,43,0
P2230,11,83,0
P2231,9,48,3
P2232,6,88,0
P2233,14,76,4
P2234,14,37,4
P2235,15,7,3
P2236,14,75,0
P2237,1,78,4
P2238,4,64,4
P2239,9,69,4
P2240,6,73,1
P2241,10,59,0
P2242,4,50,3
P2243,12,89,0
P2244,4,48,3
P2245,7,40,1
P2246,3,10,0
P2247,10,59,4
P2248,4,48,3
P2249,11,68,2
P2250,2,63,2
P2251,10,81,4
P2252,7,47,4
P2253,7,39,2
P2254,10,25,1
P2255,9,90,1
P2256,0,78,1
P2257,3,90,4
P2258,6,59,3
P2259,10,46,1
P2260,11,17,3
P2261,11,42,2
P2262,7,66,4
P2263,7,41,3
P2264,3,68,1
P2265,3,44,1
P2266,0,49,4
P2267,10,40,3
P2268,3,17,2
P2269,15,64,1
P2270,4,74,2
P2271,13,47,2
P2272,8,38,0
P2273,13,64,0
P2274,7,85,4
P2275,2,39,1
P2276,0,37,1
P2277,2,58,0
P2278,3,51,0
P2279,3,46,2
P2280,1,78,2
P2281,6,77,2
P2282,3,60,1
P2283,5,17,2
P2284,2,56,1
P2285,11,80,4
P2286,11,66,3
P2287,12,43,0
P2288,11,8,1
P2289,10,53,1
P2290,9,24,2
P2291,0,72,3
P2292,15,12,0
P2293,14,86,2
P2294,11,28,0
P2295,0,43,1
P2296,14,59,4
P2297,6,65,4
P2298,11,36,0
P2299,5,74,2
P2300,14,34,3
P2301,4,7,2
P2302,5,90,4
P2303,2,20,1
P2304,3,24,1
P2305,12,17,1
P2306,13,35,3
P2307,8,63,2
P2308,2,53,3
P2309,4,62,2
P2310,5,21,1
P2311,3,37,0
P2312,9,76,1
P2313,10,88,1
P2314,2,42,2
P2315,15,46,0
P2316,5,21,2
P2317,8,88,0
P2318,14,60,0
P2319,10,9,3
P2320,2,64,0
P2321,3,43,0
P2322,11,10,4
P2323,3,22,0
P2324,12,21,4
P2325,8,10,1
P2326,6,49,2
P2327,8,87,3
P2328,15,54,0
P2329,9,66,4
P2330,8,35,0
P2331,8,65,1
P2332,4,68,1
P2333,5,69,4
P2334,13,27,3
P2335,12,62,0
P2336,1,47,0
P2337,7,16,3
P2338,2,78,3
P2339,1,73,0
P2340,15,22,2
P2341,13,69,3
P2342,6,45,0
P2343,0,79,1
P2344,10,16,1
P2345,7,27,1
P2346,1,36,0
P2347,8,63,1
P2348,3,12,3
P2349,13,37,1
P2350,3,7,2
P2351,2,69,0
P2352,2,56,0
P2353,2,21,4
P2354,3,52,1
P2355,11,30,2
P2356,7,85,2
P2357,5,12,1
P2358,15,36,4
P2359,9,9,0
P2360,12,46,1
P2361,9,30,4
P2362,6,48,3
P2363,6,47,3
P2364,7,62,0
P2365,11,36,1
P2366,9,88,1
P2367,11,37,0
P2368,10,61,0
P2369,14,43,4
P2370,5,21,2
P2371,15,37,1
P2372,4,72,2
P2373,5,45,3
P2374,8,65,3
P2375,7,60,1
P2376,13,78,3
P2377,7,38,2
P2378,7,90,4
P2379,2,63,4
P2380,12,66,3
P2381,5,66,4
P2382,3,82,4
P2383,5,21,0
P2384,7,81,3
P2385,8,33,1
P2386,13,31,4
P2387,7,51,0
P2388,15,17,3
P2389,8,20,3
P2390,3,51,4
P2391,0,88,1
P2392,2,44,4
P2393,9,85,2
P2394,7,27,3
P2395,1,46,3
P2396,13,40,1
P2397,8,17,0
P2398,0,31,3
P2399,1,68,4
P2400,8,78,2
P2401,8,5,2
P2402,3,22,0
P2403,5,69,2
P2404,10,30,1
P2405,5,67,0
P2406,8,21,0
P2407,13,87,3
P2408,1,7,4
P2409,12,73,1
P2410,0,25,3
P2411,2,60,1
P2412,1,88,4
P2413,13,80,0
P2414,12,18,1
P2415,13,31,3
P2416,5,64,1
P2417,5,19,4
P2418,6,25,2
P2419,14,47,4
P2420,2,16,4
P2421,10,24,3
P2422,10,73,4
P2423,6,63,2
P2424,0,64,4
P2425,9,48,4
P2426,5,69,3
P2427,7,24,4
P2428,9,28,2
P2429,7,90,0
P2430,3,59,4
P2431,11,23,1
P2432,9,85,4
P2433,10,51,2
P2434,4,18,2
P2435,8,19,4
P2436,4,49,2
P2437,12,15,0
P2438,3,83,2
P2439,14,54,1
P2440,5,48,4
P2441,8,53,2
P2442,13,80,4
P2443,11,43,1
P2444,13,16,4
P2445,5,84,0
P2446,0,41,0
P2447,0,5,4
P2448,8,22,4
P2449,11,82,2
P2450,5,67,2
P2451,15,22,4
P2452,3,40,3
P2453,7,82,0
P2454,2,61,2
P2455,0,57,3
P2456,9,33,2
P2457,11,13,1
P2458,4,5,3
P2459,2,10,1
P2460,4,76,2
P2461,4,25,2
P2462,4,88,1
P2463,8,6,0
P2464,3,16,2
P2465,8,87,2
P2466,9,43,4
P2467,11,38,2
P2468,15,76,3
P2469,10,45,3
P2470,7,31,4
P2471,10,15,4
P2472,15,38,4
P2473,14,30,2
P2474,12,42,4
P2475,13,29,0
P2476,3,68,0
P2477,12,19,3
P2478,5,14,3
P2479,8,35,2
P2480,15,78,3
P2481,2,61,2
P2482,10,78,4
P2483,8,46,1
P2484,1,41,4
P2485,6,88,3
P2486,7,21,0
P2487,12,81,1
P2488,4,46,1
P2489,8,67,2
P2490,11,88,0
P2491,7,77,4
P2492,12,33,1
P2493,9,73,1
P2494,8,24,1
P2495,7,64,4
P2496,6,56,0
P2497,1,32,1
P2498,8,24,4
P2499,15,39,3
P2500,15,69,2
P2501,5,86,0
P2502,3,81,2
P2503,2,55,2
P2504,13,14,2
P2505,9,52,0
P2506,0,77,4
P2507,2,19,1
P2508,3,60,3
P2509,13,19,2
P2510,14,9,3
P2511,2,51,3
P2512,14,42,3
P2513,0,51,2
P2514,13,16,2
P2515,15,5,2
P2516,14,59,3
P2517,13,72,3
P2518,8,21,0
P2519,14,34,4
P2520,11,36,4
P2521,13,38,2
P2522,11,8,0
P2523,9,86,1
P2524,1,37,4
P2525,7,73,2
P2526,0,13,1
P2527,10,40,4
P2528,2,73,1
P2529,5,78,2
P2530,3,12,3
P2531,4,22,1
P2532,15,88,1
P2533,13,7,3
P2534,14,64,0
P2535,13,88,0
P2536,1,86,4
P2537,9,88,4
P2538,12,18,1
P2539,7,9,0
P2540,14,63,0
P2541,3,46,1
P2542,13,86,3
P2543,4,78,3
P2544,5,45,3
P2545,13,24,1
P2546,4,64,2
P2547,8,47,0
P2548,3,7,4
P2549,5,40,4
P2550,15,49,2
P2551,3,33,0
P2552,9,12,0
P2553,5,73,3
P2554,8,40,0
P2555,11,21,3
P2556,8,8,3
P2557,2,88,0
P2558,5,11,4
P2559,13,62,3
P2560,9,57,1
P2561,11,76,0
P2562,13,10,2
P2563,5,24,3
P2564,10,31,2
P2565,7,71,2
P2566,3,70,0
P2567,6,28,3
P2568,14,76,4
P2569,5,28,3
P2570,6,14,2
P2571,13,83,4
P2572,1,12,0
P2573,14,52,4
P2574,12,86,4
P2575,3,80,2
P2576,1,88,4
P2577,14,20,4
P2578,3,6,1
P2579,0,30,3
P2580,8,56,2
P2581,10,14,0
P2582,0,65,1
P2583,0,11,3
P2584,12,84,0
P2585,10,5,2
P2586,15,64,4
P2587,3,84,2
P2588,0,21,4
P2589,2,87,2
P2590,14,63,4
P2591,5,31,0
P2592,7,19,3
P2593,12,61,3
P2594,8,49,2
P2595,11,72,1
P2596,2,8,0
P2597,6,9,1
P2598,13,79,0
P2599,7,62,4
P2600,14,77,1
P2601,1,55,0
P2602,5,26,4
P2603,9,73,4
P2604,1,68,4
P2605,6,31,2
P2606,4,35,0
P2607,5,43,3
P2608,3,69,2
P2609,4,38,4
P2610,4,24,4
P2611,11,46,4
P2612,8,9,0
P2613,11,32,0
P2614,11,47,0
P2615,11,33,3
P2616,1,83,0
P2617,3,18,2
P2618,13,21,1
P2619,4,23,4
P2620,5,82,3
P2621,1,49,3
P2622,10,58,4
P2623,9,25,2
P2624,3,57,4
P2625,5,29,3
P2626,6,75,0
P2627,8,10,2
P2628,10,22,3
P2629,11,23,2
P2630,0,19,4
P2631,3,89,2
P2632,9,49,1
P2633,13,60,4
P2634,9,58,4
P2635,10,26,0
P2636,7,73,2
P2637,9,90,0
P2638,0,66,3
P2639,13,17,2
P2640,12,15,2
P2641,15,64,4
P2642,9,79,3
P2643,9,48,2
P2644,8,19,4
P2645,6,9,2
P2646,5,35,3
P2647,5,56,0
P2648,2,39,1
P2649,9,19,1
P2650,7,51,2
P2651,3,79,0
P2652,4,15,2
P2653,1,56,3
P2654,4,55,1
P2655,13,52,0
P2656,2,30,0
P2657,0,44,4
P2658,15,16,3
P2659,4,75,1
P2660,5,88,4
P2661,11,8,3
P2662,2,41,3
P2663,14,32,4
P2664,8,18,2
P2665,15,71,1
P2666,1,82,0
P2667,6,30,3
P2668,3,74,1
P2669,15,58,2
P2670,8,5,1
P2671,4,82,0
P2672,0,22,1
P2673,3,20,4
P2674,14,85,4
P2675,1,82,1
P2676,1,68,0
P2677,10,30,4
P2678,15,67,4
P2679,9,31,0
P2680,9,77,2
P2681,1,50,1
P2682,1,40,1
P2683,9,15,2
P2684,3,78,4
P2685,0,60,1
P2686,13,59,3
P2687,12,55,0
P2688,3,31,1
P2689,3,38,3
P2690,3,52,1
P2691,15,64,2
P2692,14,60,2
P2693,15,5,0
P2694,15,47,1
P2695,7,52,3
P2696,13,84,1
P2697,12,21,3
P2698,3,14,0
P2699,7,6,1
P2700,0,59,4
P2701,2,90,2
P2702,15,77,3
P2703,8,18,1
P2704,5,20,0
P2705,2,32,4
P2706,0,32,3
P2707,10,30,3
P2708,3,73,0
P2709,2,48,1
P2710,11,11,1
P2711,15,17,0
P2712,6,34,2
P2713,5,25,4
P2714,9,39,2
P2715,14,16,4
P2716,13,48,2
P2717,6,59,4
P2718,9,46,4
P2719,13,84,3
P2720,6,54,3
P2721,9,22,0
P2722,4,69,2
P2723,13,29,2
P2724,14,88,1
P2725,2,22,3
P2726,10,37,0
P2727,5,84,2
P2728,1,56,2
P2729,7,57,3
P2730,3,18,1
P2731,9,61,3
P2732,4,6,1
P2733,1,62,1
P2734,8,65,3
P2735,4,58,3
P2736,1,71,2
P2737,14,84,2
P2738,10,62,2
P2739,12,46,2
P2740,7,87,4
P2741,13,45,0
P2742,4,42,0
P2743,11,80,3
P2744,14,85,3
P2745,11,5,4
P2746,13,78,3
P2747,5,77,1
P2748,1,10,2
P2749,9,81,3
P2750,2,22,2
P2751,11,16,3
P2752,12,62,4
P2753,13,46,2
P2754,8,68,1
P2755,13,73,1
P2756,14,26,0
P2757,12,62,4
P2758,4,23,1
P2759,1,18,4
P2760,10,68,1
P2761,6,70,1
P2762,10,38,4
P2763,9,27,3
P2764,5,13,4
P2765,9,71,4
P2766,12,14,2
P2767,1,84,3
P2768,0,74,2
P2769,0,32,4
P2770,11,34,0
P2771,2,46,0
P2772,2,13,4
P2773,13,41,1
P2774,12,64,1
P2775,6,34,0
P2776,15,42,3
P2777,2,13,4
P2778,0,41,3
P2779,6,82,3
P2780,11,34,1
P2781,14,65,0
P2782,5,53,1
P2783,1,65,1
P2784,13,72,0
P2785,7,28,1
P2786,8,43,2
P2787,11,73,3
P2788,6,67,0
P2789,13,68,0
P2790,5,32,1
P2791,6,22,0
P2792,12,48,4
P2793,2,18,0
P2794,5,87,4
P2795,14,56,4
P2796,9,43,4
P2797,12,35,4
P2798,6,44,4
P2799,3,85,3
P2800,13,79,1
P2801,0,43,1
P2802,1,58,0
P2803,7,34,2
P2804,7,8,0
P2805,13,48,4
P2806,4,81,4
P2807,9,40,2
P2808,0,52,2
P2809,14,6,4
P2810,13,84,0
P2811,3,39,4
P2812,11,21,1
P2813,1,36,4
P2814,14,74,0
P2815,12,85,3
P2816,15,62,2
P2817,5,89,3
P2818,1,20,2
P2819,0,53,3
P2820,3,33,3
P2821,6,44,0
P2822,5,83,3
P2823,9,86,0
P2824,11,27,3
P2825,3,22,0
P2826,15,25,1
P2827,8,53,4
P2828,10,45,2
P2829,15,63,3
P2830,12,65,2
P2831,2,69,0
P2832,0,18,4
P2833,13,18,2
P2834,14,31,2
P2835,5,43,2
P2836,8,80,1
P2837,3,51,0
P2838,6,63,1
P2839,2,24,4
P2840,3,48,1
P2841,15,79,1
P2842,8,5,0
P2843,15,11,1
P2844,6,50,4
P2845,5,40,2
P2846,1,63,4
P2847,9,50,3
P2848,8,27,3
P2849,11,62,3
P2850,12,59,3
P2851,8,38,4
P2852,13,22,0
P2853,2,52,4
P2854,15,45,2
P2855,15,90,0
P2856,15,84,1
P2857,6,8,3
P2858,0,23,3
P2859,8,21,4
P2860,1,6,2
P2861,3,88,3
P2862,5,64,4
P2863,12,50,0
P2864,0,22,3
P2865,8,78,0
P2866,15,60,0
P2867,3,75,3
P2868,12,87,2
P2869,0,54,4
P2870,7,23,3
P2871,5,32,1
P2872,0,49,2
P2873,14,30,0
P2874,13,76,1
P2875,6,7,4
P2876,3,9,4
P2877,11,52,0
P2878,13,57,1
P2879,13,49,3
P2880,3,87,3
P2881,8,46,4
P2882,9,65,1
P2883,4,25,1
P2884,15,21,3
P2885,6,19,0
P2886,11,65,1
P2887,14,6,3
P2888,9,70,1
P2889,15,85,1
P2890,2,8,0
P2891,0,27,4
P2892,12,75,1
P2893,8,67,0
P2894,7,46,3
P2895,8,44,4
P2896,2,84,0
P2897,14,74,1
P2898,4,76,0
P2899,12,30,0
P2900,6,51,1
P2901,11,61,4
P2902,0,8,4
P2903,12,47,0
P2904,2,90,3
P2905,0,23,2
P2906,15,67,4
P2907,2,47,0
P2908,15,43,0
P2909,12,83,0
P2910,3,5,0
P2911,4,47,1
P2912,1,21,3
P2913,12,14,0
P2914,3,14,0
P2915,1,50,4
P2916,6,72,4
P2917,5,72,3
P2918,8,79,0
P2919,12,89,2
P2920,8,13,0
P2921,1,75,1
P2922,7,53,1
P2923,0,65,0
P2924,9,15,4
P2925,3,60,2
P2926,7,39,3
P2927,12,66,3
P2928,4,65,4
P2929,2,41,3
P2930,7,47,4
P2931,9,20,4
P2932,1,61,2
P2933,15,23,3
P2934,15,78,1
P2935,13,86,4
P2936,10,49,1
P2937,14,22,4
P2938,9,19,0
P2939,0,50,2
P2940,5,20,4
P2941,8,71,0
P2942,9,77,0
P2943,4,68,1
P2944,14,79,2
P2945,7,32,3
P2946,7,79,0
P2947,0,51,1
P2948,12,36,3
P2949,13,15,3
P2950,12,61,3
P2951,8,74,4
P2952,9,8,4
P2953,9,86,4
P2954,7,55,4
P2955,0,84,1
P2956,6,35,3
P2957,15,60,1
P2958,3,89,4
P2959,1,52,4
P2960,15,62,4
P2961,15,89,3
P2962,2,90,4
P2963,9,48,3
P2964,2,7,2
P2965,14,20,4
P2966,15,70,0
P2967,5,28,1
P2968,6,87,0
P2969,11,60,0
P2970,1,82,3
P2971,12,85,0
P2972,13,18,1
P2973,9,64,4
P2974,2,34,0
P2975,6,29,3
P2976,10,10,2
P2977,3,5,1
P2978,0,30,1
P2979,3,10,2
P2980,13,48,1
P2981,8,35,1
P2982,6,40,0
P2983,10,67,4
P2984,13,30,2
P2985,10,5,3
P2986,7,12,1
P2987,5,81,1
P2988,13,87,4
P2989,8,52,3
P2990,9,13,1
P2991,4,75,0
P2992,7,30,3
P2993,2,37,0
P2994,8,56,3
P2995,11,58,3
P2996,14,53,0
P2997,4,87,1
P2998,2,6,0
P2999,2,55,3
P3000,2,76,3
P3001,12,40,1
P3002,0,11,4
P3003,5,61,4
P3004,5,6,0
P3005,4,88,2
P3006,1,48,4
P3007,4,66,0
P3008,11,73,0
P3009,2,29,3
P3010,8,71,3
P3011,14,14,3
P3012,7,71,2
P3013,14,32,3
P3014,2,11,0
P3015,9,42,2
P3016,15,61,3
P3017,12,70,3
P3018,12,87,0
P3019,11,10,0
P3020,1,43,0
P3021,9,22,3
P3022,5,26,4
P3023,8,14,2
P3024,13,13,0
P3025,9,61,0
P3026,2,30,0
P3027,12,71,4
P3028,3,72,4
P3029,3,43,4
P3030,6,10,0
P3031,3,86,1
P3032,8,26,4
P3033,10,31,1
P3034,3,39,3
P3035,7,24,0
P3036,15,48,0
P3037,13,81,2
P3038,5,36,2
P3039,8,53,4
P3040,11,7,3
P3041,10,27,0
P3042,5,43,0
P3043,14,89,2
P3044,14,53,4
P3045,11,68,3
P3046,1,42,2
P3047,12,12,4
P3048,12,30,2
P3049,9,60,3
P3050,9,35,0
P3051,11,12,3
P3052,4,24,1
P3053,2,62,3
P3054,1,15,3
P3055,9,81,1
P3056,7,34,3
P3057,7,26,4
P3058,15,24,0
P3059,6,56,1
P3060,2,18,0
P3061,15,14,2
P3062,5,9,0
P3063,11,28,1
P3064,9,59,1
P3065,1,47,4
P3066,5,49,0
P3067,0,20,4
P3068,15,5,3
P3069,12,88,1
P3070,4,54,1
P3071,10,39,4
P3072,6,66,1
P3073,15,9,4
P3074,13,12,2
P3075,12,56,1
P3076,0,42,3
P3077,6,85,0
P3078,7,39,0
P3079,9,71,3
P3080,3,81,2
P3081,10,54,2
P3082,1,32,4
P3083,8,89,4
P3084,5,11,4
P3085,8,30,3
P3086,5,53,3
P3087,1,88,1
P3088,14,5,0
P3089,6,27,3
P3090,13,89,4
P3091,11,41,3
P3092,2,41,3
P3093,10,11,4
P3094,8,56,0
P3095,13,41,2
P3096,3,55,0
P3097,3,90,0
P3098,0,39,4
P3099,15,14,2
P3100,0,66,1
P3101,14,80,4
P3102,15,20,2
P3103,8,22,1
P3104,7,36,3
P3105,1,53,2
P3106,7,9,0
P3107,3,48,0
P3108,5,27,1
P3109,9,37,0
P3110,1,71,0
P3111,9,31,2
P3112,13,22,1
P3113,11,31,4
P3114,3,80,2
P3115,6,52,2
P3116,2,30,1
P3117,9,71,3
P3118,10,55,3
P3119,4,45,4
P3120,10,7,3
P3121,11,60,3
P3122,10,78,0
P3123,2,50,4
P3124,15,82,4
P3125,0,40,4
P3126,5,69,2
P3127,2,36,4
P3128,11,24,2
P3129,3,36,0
P3130,12,50,1
P3131,2,83,2
P3132,9,56,0
P3133,0,55,2
P3134,3,20,3
P3135,6,15,3
P3136,9,60,0
P3137,2,46,4
P3138,2,12,4
P3139,1,20,0
P3140,10,89,3
P3141,2,50,3
P3142,15,25,4
P3143,5,47,1
P3144,12,58,2
P3145,10,29,3
P3146,0,8,3
P3147,14,69,1
P3148,10,20,2
P3149,13,78,4
P3150,4,62,4
P3151,14,49,1
P3152,0,59,0
P3153,13,43,4
P3154,0,77,4
P3155,15,58,0
P3156,7,68,3
P3157,1,37,0
P3158,3,39,2
P3159,5,84,1
P3160,12,85,3
P3161,6,60,4
P3162,7,65,2
P3163,0,70,3
P3164,0,89,1
P3165,2,70,0
P3166,5,12,2
P3167,4,23,0
P3168,0,12,1
P3169,6,50,0
P3170,6,28,1
P3171,14,22,2
P3172,9,60,3
P3173,2,36,4
P3174,5,14,2
P3175,7,78,1
P3176,3,37,2
P3177,7,61,3
P3178,13,36,4
P3179,11,87,4
P3180,7,6,2
P3181,2,82,2
P3182,0,87,3
P3183,1,78,2
P3184,12,19,0
P3185,12,79,4
P3186,7,77,0
P3187,9,89,4
P3188,5,68,3
P3189,1,6,3
P3190,5,88,4
P3191,3,30,3
P3192,5,47,4
P3193,3,52,0
P3194,14,65,3
P3195,12,84,2
P3196,10,80,3
P3197,12,6,2
P3198,10,5,0
P3199,9,7,3
P3200,10,44,3
P3201,14,64,1
P3202,2,41,2
P3203,14,7,0
P3204,9,89,4
P3205,12,24,1
P3206,0,16,4
P3207,11,43,4
P3208,4,45,1
P3209,10,47,2
P3210,8,48,4
P3211,1,23,1
P3212,6,22,4
P3213,13,45,4
P3214,13,53,3
P3215,9,47,1
P3216,4,42,0
P3217,11,56,0
P3218,0,28,1
P3219,14,27,1
P3220,7,19,3
P3221,10,25,3
P3222,10,51,4
P3223,9,18,4
P3224,13,74,3
P3225,11,41,2
P3226,11,37,1
P3227,13,16,3
P3228,10,55,2
P3229,1,90,4
P3230,6,16,2
P3231,14,63,4
P3232,12,23,3
P3233,5,8,4
P3234,3,10,3
P3235,11,84,4
P3236,0,12,0
P3237,11,56,4
P3238,11,87,4
P3239,7,14,1
P3240,14,31,1
P3241,2,48,4
P3242,4,41,2
P3243,2,60,1
P3244,12,38,3
P3245,1,57,2
P3246,9,41,3
P3247,5,25,1
P3248,12,9,2
P3249,3,80,4
P3250,2,36,2
P3251,14,78,0
P3252,9,74,1
P3253,1,53,2
P3254,2,24,4
P3255,13,41,4
P3256,3,64,1
P3257,10,85,1
P3258,6,45,0
P3259,10,85,0
P3260,13,21,0
P3261,1,19,2
P3262,5,61,4
P3263,8,77,2
P3264,11,11,2
P3265,9,7,3
P3266,8,50,2
P3267,12,12,1
P3268,5,50,2
P3269,0,39,0
P3270,12,48,2
P3271,2,50,0
P3272,15,30,4
P3273,6,62,2
P3274,9,79,4
P3275,12,71,0
P3276,2,61,0
P3277,14,12,2
P3278,13,38,2
P3279,7,73,1
P3280,3,26,3
P3281,11,33,4
P3282,0,83,4
P3283,14,28,0
P3284,3,23,2
P3285,5,73,3
P3286,5,21,0
P3287,11,66,4
P3288,12,76,3
P3289,7,20,2
P3290,10,45,3
P3291,10,73,1
P3292,9,80,0
P3293,9,65,4
P3294,12,52,1
P3295,10,60,4
P3296,0,56,3
P3297,11,8,3
P3298,1,55,1
P3299,0,56,0
P3300,1,70,1
P3301,7,70,4
P3302,15,78,0
P3303,1,52,0
P3304,1,67,1
P3305,11,81,4
P3306,11,83,4
P3307,1,36,3
P3308,6,78,4
P3309,10,16,0
P3310,12,51,2
P3311,12,66,1
P3312,13,30,2
P3313,1,60,4
P3314,12,42,4
P3315,3,89,1
P3316,14,48,3
P3317,3,66,2
P3318,6,73,2
P3319,13,37,2
P3320,13,27,3
P3321,4,25,1
P3322,5,41,0
P3323,8,43,2
P3324,13,58,0
P3325,1,51,2
P3326,6,10,4
P3327,9,45,1
P3328,4,57,0
P3329,9,86,3
P3330,8,54,2
P3331,11,12,0
P3332,7,73,0
P3333,2,31,4
P3334,12,52,3
P3335,6,44,2
P3336,12,15,3
P3337,5,35,3
P3338,6,28,2
P3339,4,44,0
P3340,1,16,4
P3341,15,23,0
P3342,8,64,2
P3343,7,29,0
P3344,3,56,4
P3345,6,72,3
P3346,11,74,4
P3347,8,13,4
P3348,2,81,1
P3349,6,6,3
P3350,6,14,4
P3351,10,5,4
P3352,8,70,3
P3353,7,80,4
P3354,7,83,1
P3355,15,53,1
P3356,6,71,3
P3357,13,84,2
P3358,5,71,0
P3359,9,21,3
P3360,6,61,2
P3361,6,69,1
P3362,8,31,1
P3363,1,51,1
P3364,6,59,1
P3365,11,73,3
P3366,8,21,0
P3367,15,15,1
P3368,3,7,2
P3369,5,75,3
P3370,14,13,1
P3371,15,51,1
P3372,15,51,2
P3373,2,46,0
P3374,13,12,4
P3375,4,12,2
P3376,15,62,0
P3377,1,43,3
P3378,15,50,4
P3379,1,46,1
P3380,14,17,1
P3381,12,51,4
P3382,5,15,2
P3383,11,51,3
P3384,6,35,0
P3385,9,90,4
P3386,0,47,4
P3387,5,52,0
P3388,5,31,3
P3389,9,85,2
P3390,0,44,2
P3391,6,86,3
P3392,11,19,2
P3393,9,39,4
P3394,13,28,1
P3395,10,40,3
P3396,12,80,2
P3397,4,61,4
P3398,11,39,4
P3399,3,76,2
P3400,10,11,2
P3401,3,12,4
P3402,12,77,3
P3403,9,88,4
P3404,13,73,2
P3405,0,19,0
P3406,11,50,3
P3407,12,47,1
P3408,14,82,2
P3409,1,26,0
P3410,14,89,2
P3411,3,35,4
P3412,1,82,4
P3413,3,8,1
P3414,4,49,3
P3415,5,12,1
P3416,0,13,4
P3417,3,73,1
P3418,2,45,4
P3419,11,58,0
P3420,8,47,4
P3421,2,80,4
P3422,0,30,2
P3423,6,58,3
P3424,14,40,2
P3425,10,37,4
P3426,3,62,3
P3427,7,79,2
P3428,1,31,1
P3429,10,66,1
P3430,12,24,2
P3431,0,86,1
P3432,9,39,3
P3433,0,30,1
P3434,5,54,0
P3435,9,50,0
P3436,0,25,0
P3437,15,67,2
P3438,1,39,0
P3439,2,54,1
P3440,6,85,0
P3441,4,67,2
P3442,4,43,2
P3443,7,30,0
P3444,2,64,1
P3445,13,86,4
P3446,11,10,3
P3447,12,9,2
P3448,7,37,0
P3449,11,41,0
P3450,4,55,1
P3451,12,7,2
P3452,9,49,2
P3453,7,58,2
P3454,12,61,2
P3455,8,87,2
P3456,15,89,0
P3457,13,16,4
P3458,0,69,0
P3459,14,8,4
P3460,6,32,2
P3461,1,16,2
P3462,3,22,1
P3463,13,10,3
P3464,11,27,3
P3465,10,44,1
P3466,15,38,4
P3467,3,66,1
P3468,1,61,0
P3469,12,81,3
P3470,3,87,4
P3471,10,20,3
P3472,13,88,0
P3473,9,61,4
P3474,0,82,4
P3475,2,54,2
P3476,5,64,1
P3477,8,17,1
P3478,11,83,2
P3479,6,85,4
P3480,6,53,4
P3481,7,86,1
P3482,0,16,4
P3483,14,13,3
P3484,8,53,1
P3485,13,9,0
P3486,12,64,0
P3487,5,47,1
P3488,10,68,1
P3489,0,68,0
P3490,7,89,1
P3491,11,63,3
P3492,1,60,3
P3493,1,9,4
P3494,11,59,3
P3495,7,59,1
P3496,4,50,3
P3497,13,8,2
P3498,5,54,4
P3499,6,34,2
P3500,8,29,3
P3501,15,78,3
P3502,10,77,3
P3503,15,87,3
P3504,4,80,1
P3505,15,18,3
P3506,3,48,3
P3507,3,29,0
P3508,13,73,0
P3509,10,6,3
P3510,11,48,4
P3511,4,47,3
P3512,15,16,0
P3513,11,15,2
P3514,12,64,2
P3515,8,75,4
P3516,8,31,4
P3517,7,68,3
P3518,7,6,3
P3519,14,16,0
P3520,11,62,4
P3521,12,46,0
P3522,5,76,4
P3523,13,69,3
P3524,3,84,3
P3525,3,36,2
P3526,1,65,4
P3527,5,66,2
P3528,0,82,2
P3529,6,88,0
P3530,14,68,1
P3531,9,47,2
P3532,10,87,4
P3533,11,49,1
P3534,15,35,1
P3535,14,78,3
P3536,11,32,1
P3537,3,32,3
P3538,10,68,3
P3539,2,78,0
P3540,14,67,4
P3541,5,28,4
P3542,5,78,2
P3543,11,79,4
P3544,15,88,4
P3545,6,33,3
P3546,8,84,0
P3547,5,33,1
P3548,7,55,0
P3549,3,25,2
P3550,13,79,1
P3551,4,58,2
P3552,10,90,0
P3553,2,12,2
P3554,6,57,0
P3555,7,80,3
P3556,15,6,2
P3557,5,8,4
P3558,12,68,3
P3559,8,42,1
P3560,14,52,0
P3561,9,34,3
P3562,14,29,3
P3563,1,49,0
P3564,3,89,0
P3565,1,77,0
P3566,14,31,3
P3567,10,29,1
P3568,11,54,1
P3569,13,62,0
P3570,2,90,2
P3571,9,20,0
P3572,4,72,2
P3573,7,83,2
P3574,4,78,2
P3575,2,8,4
P3576,12,25,3
P3577,13,77,3
P3578,2,22,2
P3579,0,48,2
P3580,7,10,2
P3581,14,50,2
P3582,10,39,0
P3583,11,33,0
P3584,5,59,4
P3585,6,74,4
P3586,2,18,1
P3587,4,82,4
P3588,2,71,4
P3589,13,52,0
P3590,14,82,4
P3591,8,52,3
P3592,1,26,3
P3593,15,65,3
P3594,1,85,0
P3595,2,27,2
P3596,4,32,4
P3597,8,76,0
P3598,13,72,4
P3599,6,15,3
P3600,13,47,3
P3601,10,90,3
P3602,5,11,1
P3603,7,8,0
P3604,5,23,0
P3605,5,26,0
P3606,0,57,4
P3607,0,11,4
P3608,6,64,1
P3609,1,75,1
P3610,4,23,0
P3611,9,37,1
P3612,15,88,3
P3613,4,25,2
P3614,7,81,4
P3615,15,49,1
P3616,1,45,3
P3617,14,5,3
P3618,1,76,4
P3619,5,23,2
P3620,13,6,1
P3621,4,34,0
P3622,12,48,1
P3623,2,34,4
P3624,11,55,2
P3625,4,17,1
P3626,7,34,0
P3627,13,73,1
P3628,6,53,3
P3629,0,68,1
P3630,1,42,0
P3631,8,58,1
P3632,9,80,1
P3633,1,39,2
P3634,7,79,4
P3635,13,49,1
P3636,10,56,3
P3637,6,14,2
P3638,1,67,1
P3639,11,41,0
P3640,1,39,0
P3641,8,65,4
P3642,15,12,2
P3643,6,90,4
P3644,5,23,4
P3645,3,53,3
P3646,7,77,2
P3647,10,5,0
P3648,0,81,4
P3649,2,62,0
P3650,9,77,4
P3651,0,26,4
P3652,8,55,4
P3653,5,11,0
P3654,9,29,4
P3655,15,12,0
P3656,5,24,3
P3657,2,48,0
P3658,9,15,4
P3659,14,47,1
P3660,14,72,1
P3661,10,23,1
P3662,8,29,3
P3663,6,66,4
P3664,9,85,3
P3665,12,72,3
P3666,13,50,4
P3667,14,7,0
P3668,14,73,0
P3669,9,6,4
P3670,13,16,2
P3671,10,28,1
P3672,15,6,4
P3673,9,62,1
P3674,0,80,0
P3675,13,54,1
P3676,15,5,0
P3677,12,65,1
P3678,8,34,4
P3679,7,59,2
P3680,0,56,2
P3681,10,52,0
P3682,6,36,1
P3683,11,65,4
P3684,7,38,3
P3685,5,28,3
P3686,10,90,0
P3687,5,5,0
P3688,3,73,0
P3689,12,69,3
P3690,15,13,4
P3691,9,66,4
P3692,9,52,4
P3693,5,34,0
P3694,8,17,0
P3695,0,31,2
P3696,5,83,4
P3697,15,79,1
P3698,12,76,4
P3699,9,63,1
P3700,0,56,1
P3701,6,9,4
P3702,9,88,4
P3703,15,37,0
P3704,6,29,3
P3705,10,70,2
P3706,1,72,0
P3707,12,27,0
P3708,3,45,0
P3709,8,32,0
P3710,13,33,4
P3711,2,63,2
P3712,7,89,2
P3713,9,90,3
P3714,4,84,3
P3715,11,75,0
P3716,7,79,2
P3717,6,83,0
P3718,12,54,4
P3719,9,30,0
P3720,4,63,4
P3721,4,62,1
P3722,10,63,1
P3723,12,6,3
P3724,11,30,4
P3725,11,23,0
P3726,10,85,0
P3727,5,27,1
P3728,10,48,0
P3729,1,49,2
P3730,2,8,0
P3731,1,61,1
P3732,11,13,4
P3733,15,40,3
P3734,2,22,0
P3735,1,69,4
P3736,1,46,4
P3737,7,66,3
P3738,13,39,2
P3739,8,65,3
P3740,2,53,0
P3741,5,72,2
P3742,4,34,1
P3743,10,45,4
P3744,8,50,1
P3745,12,57,1
P3746,14,36,0
P3747,13,41,3
P3748,3,50,0
P3749,4,52,0
P3750,11,73,4
P3751,13,10,0
P3752,15,83,4
P3753,8,67,2
P3754,14,11,3
P3755,11,19,2
P3756,15,42,1
P3757,0,23,2
P3758,6,8,1
P3759,1,80,2
P3760,4,86,2
P3761,0,35,1
P3762,3,16,0
P3763,2,84,3
P3764,11,37,4
P3765,9,35,4
P3766,9,29,0
P3767,12,21,2
P3768,12,88,3
P3769,0,13,1
P3770,14,9,4
P3771,2,8,3
P3772,10,22,2
P3773,1,38,1
P3774,15,37,0
P3775,9,36,2
P3776,2,47,0
P3777,13,19,1
P3778,3,75,0
P3779,12,22,2
P3780,0,40,1
P3781,15,86,2
P3782,13,41,1
P3783,1,33,4
P3784,10,48,4
P3785,3,80,4
P3786,13,82,2
P3787,9,90,0
P3788,7,85,4
P3789,1,69,2
P3790,7,12,4
P3791,4,58,4
P3792,1,75,3
P3793,6,58,1
P3794,15,55,2
P3795,9,69,4
P3796,12,12,3
P3797,13,12,1
P3798,11,12,4
P3799,7,83,4
P3800,6,80,1
P3801,3,78,2
P3802,1,48,0
P3803,3,6,2
P3804,11,51,2
P3805,10,90,1
P3806,2,7,3
P3807,2,42,0
P3808,7,38,2
P3809,14,35,2
P3810,4,48,2
P3811,11,22,0
P3812,9,73,0
P3813,3,55,4
P3814,9,53,4
P3815,5,50,1
P3816,10,87,1
P3817,6,62,1
P3818,4,42,0
P3819,12,75,3
P3820,10,61,2
P3821,14,88,1
P3822,2,62,2
P3823,14,64,2
P3824,11,51,0
P3825,4,24,2
P3826,8,67,3
P3827,2,58,3
P3828,11,14,2
P3829,4,40,0
P3830,10,49,2
P3831,13,17,4
P3832,3,46,2
P3833,7,50,0
P3834,9,5,2
P3835,15,87,4
P3836,3,86,1
P3837,6,13,2
P3838,5,24,0
P3839,5,20,3
P3840,2,26,0
P3841,7,61,3
P3842,0,58,3
P3843,15,18,2
P3844,3,23,2
P3845,12,78,4
P3846,12,32,4
P3847,12,19,0
P3848,14,27,2
P3849,9,40,0
P3850,13,38,1
P3851,0,26,3
P3852,2,27,0
P3853,4,10,1
P3854,12,64,2
P3855,10,23,4
P3856,6,16,4
P3857,5,54,2
P3858,11,35,4
P3859,6,81,4
P3860,15,62,2
P3861,6,14,3
P3862,11,74,1
P3863,6,12,1
P3864,7,32,4
P3865,6,71,4
P3866,6,37,1
P3867,4,84,2
P3868,12,21,4
P3869,5,50,2
P3870,4,80,2
P3871,4,33,3
P3872,0,53,0
P3873,1,74,0
P3874,2,74,0
P3875,13,67,1
P3876,4,25,3
P3877,0,31,3
P3878,3,43,1
P3879,12,85,0
P3880,12,42,1
P3881,14,62,2
P3882,0,27,1
P3883,1,89,3
P3884,15,80,3
P3885,8,79,0
P3886,13,30,0
P3887,15,32,2
P3888,7,41,1
P3889,14,55,0
P3890,8,84,2
P3891,2,78,3
P3892,14,55,2
P3893,5,16,1
P3894,8,30,1
P3895,15,40,3
P3896,4,53,3
P3897,5,64,1
P3898,1,66,2
P3899,2,15,3
P3900,15,7,0
P3901,5,73,4
P3902,1,16,4
P3903,8,6,4
P3904,6,23,4
P3905,7,9,1
P3906,11,39,2
P3907,14,87,2
P3908,11,23,3
P3909,9,85,3
P3910,2,62,4
P3911,12,76,0
P3912,8,90,4
P3913,9,19,3
P3914,15,17,2
P3915,11,82,3
P3916,2,51,2
P3917,2,54,4
P3918,5,46,3
P3919,9,73,0
P3920,7,6,0
P3921,8,63,2
P3922,7,29,4
P3923,2,66,2
P3924,7,72,0
P3925,8,40,3
P3926,1,14,2
P3927,5,90,3
P3928,15,64,3
P3929,0,67,1
P3930,6,55,1
P3931,15,84,3
P3932,5,82,3
P3933,0,19,0
P3934,10,9,4
P3935,5,67,2
P3936,13,47,2
P3937,9,82,2
P3938,9,50,3
P3939,12,16,4
P3940,8,65,0
P3941,13,24,1
P3942,13,34,4
P3943,6,44,2
P3944,1,69,3
P3945,2,12,3
P3946,1,87,4
P3947,15,27,2
P3948,7,58,1
P3949,2,73,3
P3950,3,61,1
P3951,11,84,1
P3952,9,8,4
P3953,15,26,2
P3954,5,15,1
P3955,14,89,1
P3956,6,51,0
P3957,7,34,4
P3958,4,34,1
P3959,5,58,3
P3960,14,40,2
P3961,8,84,4
P3962,10,10,4
P3963,12,13,0
P3964,14,47,3
P3965,12,62,2
P3966,12,58,0
P3967,0,74,3
P3968,3,20,4
P3969,2,67,0
P3970,5,86,1
P3971,8,29,3
P3972,11,44,4
P3973,11,51,1
P3974,8,71,1
P3975,0,68,4
P3976,12,78,3
P3977,4,50,2
P3978,15,43,1
P3979,2,54,3
P3980,8,70,0
P3981,9,8,2
P3982,0,7,1
P3983,14,66,1
P3984,15,72,1
P3985,11,10,2
P3986,9,69,4
P3987,8,67,0
P3988,3,63,1
P3989,4,38,4
P3990,4,5,4
P3991,12,66,2
P3992,13,63,3
P3993,0,79,0
P3994,7,9,0
P3995,1,59,2
P3996,14,84,0
P3997,1,27,4
P3998,12,64,3
P3999,9,88,4
P4000,14,11,4
P4001,6,69,4
P4002,6,48,3
P4003,6,19,1
P4004,1,7,3
P4005,14,47,3
P4006,10,8,3
P4007,2,84,3
P4008,12,55,1
P4009,0,27,3
P4010,13,16,4
P4011,9,72,1
P4012,14,66,0
P4013,7,74,4
P4014,0,75,0
P4015,13,76,2
P4016,8,33,4
P4017,5,10,0
P4018,6,15,2
P4019,10,81,4
P4020,11,77,4
P4021,10,36,4
P4022,13,37,4
P4023,5,13,3
P4024,12,10,1
P4025,3,54,4
P4026,15,87,2
P4027,0,6,0
P4028,8,35,0
P4029,10,50,0
P4030,14,11,0
P4031,8,6,3
P4032,5,20,1
P4033,14,74,3
P4034,15,47,4
P4035,0,40,2
P4036,4,27,3
P4037,2,5,2
P4038,10,29,3
P4039,10,85,3
P4040,8,78,3
P4041,9,50,2
P4042,6,59,2
P4043,7,7,3
P4044,6,73,3
P4045,3,81,3
P4046,5,70,4
P4047,4,83,1
P4048,4,59,4
P4049,9,77,0
P4050,7,18,0
P4051,1,71,3
P4052,14,9,1
P4053,11,22,4
P4054,10,78,3
P4055,13,24,4
P4056,14,58,0
P4057,12,90,4
P4058,14,77,2
P4059,1,16,1
P4060,7,62,3
P4061,8,56,0
P4062,7,75,2
P4063,5,49,2
P4064,0,34,4
P4065,1,80,3
P4066,15,15,3
P4067,10,74,2
P4068,9,84,0
P4069,1,87,0
P4070,13,48,1
P4071,8,73,2
P4072,9,38,4
P4073,0,30,1
P4074,6,19,1
P4075,4,83,2
P4076,9,88,1
P4077,0,73,0
P4078,2,48,0
P4079,6,83,3
P4080,12,36,3
P4081,15,34,0
P4082,2,90,4
P4083,9,76,4
P4084,13,79,0
P4085,9,38,0
P4086,4,9,0
P4087,10,51,2
P4088,4,21,2
P4089,13,60,1
P4090,1,18,3
P4091,11,8,2
P4092,14,26,1
P4093,1,68,2
P4094,1,14,4
P4095,7,20,4
P4096,3,59,1
P4097,15,48,0
P4098,8,56,0
P4099,7,6,4
P4100,12,69,2
P4101,15,37,4
P4102,15,14,2
P4103,4,6,2
P4104,2,23,2
P4105,2,15,3
P4106,13,36,4
P4107,15,85,4
P4108,3,40,2
P4109,15,56,4
P4110,3,9,2
P4111,15,28,3
P4112,13,5,2
P4113,1,14,2
P4114,5,88,2
P4115,15,40,4
P4116,7,45,0
P4117,15,9,4
P4118,0,28,2
P4119,15,86,3
P4120,9,24,0
P4121,15,23,1
P4122,4,65,4
P4123,14,42,1
P4124,6,19,2
P4125,10,9,1
P4126,12,88,3
P4127,1,16,0
P4128,0,85,3
P4129,2,31,1
P4130,3,57,1
P4131,11,49,3
P4132,3,28,3
P4133,10,9,2
P4134,4,31,3
P4135,14,68,3
P4136,7,18,2
P4137,7,56,0
P4138,15,81,3
P4139,13,58,1
P4140,10,76,2
P4141,15,58,3
P4142,6,51,2
P4143,9,46,2
P4144,2,86,4
P4145,5,37,1
P4146,0,58,2
P4147,12,70,4
P4148,1,18,3
P4149,1,76,0
P4150,11,7,1
P4151,15,36,0
P4152,6,61,2
P4153,13,62,4
P4154,15,50,4
P4155,6,39,4
P4156,1,61,1
P4157,2,35,3
P4158,0,51,4
P4159,0,5,1
P4160,2,18,1
P4161,2,88,1
P4162,6,40,2
P4163,2,43,1
P4164,9,55,3
P4165,7,51,4
P4166,9,71,4
P4167,4,19,4
P4168,4,46,4
P4169,4,51,2
P4170,13,18,0
P4171,12,83,2
P4172,13,68,3
P4173,3,18,0
P4174,10,48,4
P4175,1,85,2
P4176,6,78,2
P4177,13,13,4
P4178,2,28,0
P4179,5,74,4
P4180,3,71,4
P4181,13,66,2
P4182,15,78,2
P4183,2,30,2
P4184,12,66,4
P4185,7,59,0
P4186,3,87,3
P4187,8,17,3
P4188,8,16,4
P4189,2,36,1
P4190,5,25,3
P4191,2,20,1
P4192,5,61,2
P4193,4,6,2
P4194,7,51,1
P4195,14,31,3
P4196,7,27,0
P4197,10,61,1
P4198,15,20,1
P4199,14,51,2
P4200,13,48,2
P4201,9,56,4
P4202,12,51,1
P4203,14,17,3
P4204,10,6,2
P4205,7,86,4
P4206,5,79,0
P4207,9,14,4
P4208,8,34,0
P4209,8,28,3
P4210,6,38,2
P4211,5,63,2
P4212,2,76,3
P4213,12,86,0
P4214,4,46,0
P4215,11,87,1
P4216,13,71,2
P4217,2,81,0
P4218,2,18,1
P4219,12,13,1
P4220,7,33,4
P4221,5,43,0
P4222,6,76,2
P4223,1,68,2
P4224,14,88,1
P4225,15,16,3
P4226,8,10,0
P4227,11,58,3
P4228,7,33,4
P4229,14,29,4
P4230,10,65,4
P4231,10,30,3
P4232,3,26,0
P4233,13,22,1
P4234,14,30,4
P4235,9,29,3
P4236,1,28,3
P4237,14,12,2
P4238,8,28,1
P4239,7,89,0
P4240,9,78,1
P4241,1,44,0
P4242,8,43,0
P4243,13,41,1
P4244,13,31,3
P4245,0,34,4
P4246,4,25,0
P4247,1,38,4
P4248,11,35,1
P4249,8,8,4
P4250,10,59,1
P4251,8,32,1
P4252,6,15,4
P4253,1,29,4
P4254,14,54,2
P4255,11,68,3
P4256,3,35,1
P4257,5,84,4
P4258,13,48,0
P4259,4,71,2
P4260,3,13,3
P4261,4,78,4
P4262,14,85,1
P4263,5,19,2
P4264,3,35,4
P4265,15,48,4
P4266,3,6,3
P4267,15,44,0
P4268,8,42,3
P4269,15,58,2
P4270,8,81,3
P4271,11,29,2
P4272,12,83,0
P4273,8,27,1
P4274,14,21,4
P4275,1,15,2
P4276,0,25,2
P4277,4,10,4
P4278,6,62,0
P4279,12,43,4
P4280,5,33,0
P4281,1,90,4
P4282,11,83,1
P4283,0,79,4
P4284,11,7,2
P4285,12,65,2
P4286,6,75,3
P4287,1,33,4
P4288,8,17,0
P4289,10,72,0
P4290,8,78,2
P4291,0,11,2
P4292,12,32,2
P4293,5,46,1
P4294,11,59,2
P4295,6,59,4
P4296,13,70,2
P4297,9,5,4
P4298,7,59,0
P4299,8,46,3
P4300,4,16,1
P4301,14,82,3
P4302,14,44,0
P4303,11,9,0
P4304,10,8,0
P4305,3,36,4
P4306,5,82,4
P4307,1,71,4
P4308,10,29,1
P4309,6,39,2
P4310,4,52,4
P4311,2,28,3
P4312,4,37,4
P4313,12,75,1
P4314,2,61,4
P4315,5,44,2
P4316,0,18,4
P4317,3,82,1
P4318,8,8,0
P4319,6,67,0
P4320,1,27,3
P4321,15,89,2
P4322,7,24,0
P4323,5,56,2
P4324,14,72,2
P4325,6,61,4
P4326,11,30,3
P4327,6,86,2
P4328,9,71,1
P4329,11,57,0
P4330,13,70,2
P4331,15,74,3
P4332,7,61,0
P4333,6,16,1
P4334,0,56,1
P4335,11,61,4
P4336,0,77,4
P4337,9,26,3
P4338,6,54,1
P4339,11,82,2
P4340,5,5,2
P4341,3,60,4
P4342,6,73,3
P4343,5,48,1
P4344,0,40,4
P4345,0,38,4
P4346,8,55,4
P4347,8,90,4
P4348,4,12,4
P4349,8,31,4
P4350,2,69,3
P4351,6,49,2
P4352,12,54,0
P4353,14,18,2
P4354,10,66,4
P4355,9,17,4
P4356,13,37,3
P4357,0,45,0
P4358,14,73,4
P4359,12,11,1
P4360,10,46,2
P4361,4,51,1
P4362,10,8,0
P4363,6,67,2
P4364,13,6,1
P4365,11,47,0
P4366,1,28,4
P4367,13,73,2
P4368,6,34,3
P4369,8,55,2
P4370,14,60,0
P4371,9,59,3
P4372,0,6,2
P4373,10,80,3
P4374,0,46,2
P4375,8,53,2
P4376,1,41,3
P4377,14,11,1
P4378,4,65,2
P4379,12,43,3
P4380,8,6,3
P4381,4,59,4
P4382,3,86,0
P4383,2,75,0
P4384,4,18,4
P4385,2,53,4
P4386,7,64,4
P4387,5,17,4
P4388,1,23,2
P4389,9,57,0
P4390,6,42,0
P4391,13,90,2
P4392,3,75,4
P4393,1,54,4
P4394,4,74,1
P4395,1,69,1
P4396,13,31,1
P4397,6,6,2
P4398,10,65,1
P4399,10,16,1
P4400,14,69,0
P4401,7,10,4
P4402,5,42,4
P4403,1,79,0
P4404,15,62,1
P4405,13,47,0
P4406,5,29,0
P4407,4,37,3
P4408,13,47,0
P4409,6,63,2
P4410,3,23,0
P4411,3,73,4
P4412,12,73,1
P4413,10,22,0
P4414,13,33,0
P4415,3,87,3
P4416,15,79,3
P4417,14,32,2
P4418,0,12,3
P4419,14,72,0
P4420,14,14,4
P4421,11,56,2
P4422,14,74,0
P4423,5,45,3
P4424,8,14,0
P4425,7,61,2
P4426,3,52,0
P4427,14,80,0
P4428,0,29,2
P4429,0,36,4
P4430,15,30,0
P4431,7,50,4
P4432,11,31,3
P4433,10,40,3
P4434,1,78,1
P4435,6,16,2
P4436,15,68,2
P4437,10,29,4
P4438,3,48,2
P4439,14,17,0
P4440,4,74,4
P4441,8,29,1
P4442,13,16,2
P4443,12,47,0
P4444,14,41,4
P4445,6,15,2
P4446,6,67,3
P4447,14,13,1
P4448,5,68,1
P4449,5,47,3
P4450,12,47,2
P4451,1,56,1
P4452,3,30,3
P4453,8,28,0
P4454,9,53,4
P4455,5,40,1
P4456,5,13,1
P4457,15,86,1
P4458,6,12,2
P4459,10,81,1
P4460,7,33,1
P4461,5,7,3
P4462,9,69,3
P4463,3,60,3
P4464,7,36,2
P4465,0,10,2
P4466,14,78,0
P4467,7,81,0
P4468,10,74,4
P4469,6,90,4
P4470,0,29,2
P4471,2,18,1
P4472,9,70,0
P4473,0,14,2
P4474,0,66,2
P4475,14,64,0
P4476,6,81,0
P4477,6,47,0
P4478,10,33,2
P4479,6,90,1
P4480,5,73,2
P4481,1,7,4
P4482,7,24,3
P4483,12,74,1
P4484,15,47,4
P4485,4,34,2
P4486,10,88,0
P4487,5,47,2
P4488,6,48,0
P4489,0,82,4
P4490,1,45,3
P4491,15,14,3
P4492,8,82,3
P4493,1,61,0
P4494,9,58,4
P4495,9,70,2
P4496,8,71,2
P4497,10,8,1
P4498,10,83,0
P4499,1,26,4
P4500,9,24,1
P4501,8,54,3
P4502,7,35,3
P4503,10,45,3
P4504,1,18,4
P4505,11,37,0
P4506,5,86,2
P4507,6,44,4
P4508,6,66,2
P4509,10,15,1
P4510,14,83,4
P4511,3,44,3
P4512,13,25,4
P4513,8,75,2
P4514,0,70,1
P4515,12,76,1
P4516,12,59,3
P4517,15,36,2
P4518,15,68,1
P4519,8,54,2
P4520,7,70,4
P4521,9,84,3
P4522,9,6,4
P4523,15,11,4
P4524,0,73,4
P4525,9,56,4
P4526,15,59,4
P4527,1,6,2
P4528,1,46,2
P4529,4,14,0
P4530,2,90,2
P4531,5,73,1
P4532,0,12,1
P4533,4,87,2
P4534,1,75,4
P4535,13,58,3
P4536,7,86,3
P4537,2,29,2
P4538,15,49,0
P4539,12,28,3
P4540,12,6,1
P4541,13,14,2
P4542,6,90,1
P4543,12,9,4
P4544,1,68,3
P4545,10,63,4
P4546,15,82,2
P4547,14,57,2
P4548,8,43,0
P4549,8,50,0
P4550,9,41,2
P4551,1,33,0
P4552,1,8,3
P4553,0,28,1
P4554,11,28,4
P4555,9,22,3
P4556,0,14,0
P4557,11,62,2
P4558,3,48,2
P4559,11,79,2
P4560,11,15,2
P4561,7,7,0
P4562,11,16,0
P4563,7,57,1
P4564,15,23,2
P4565,13,11,1
P4566,2,71,0
P4567,8,10,0
P4568,0,19,3
P4569,10,71,3
P4570,11,10,2
P4571,8,56,2
P4572,9,30,0
P4573,6,63,1
P4574,5,88,4
P4575,9,39,4
P4576,12,7,0
P4577,15,40,3
P4578,0,43,4
P4579,9,64,3
P4580,1,62,1
P4581,14,9,0
P4582,8,13,4
P4583,10,32,4
P4584,8,73,2
P4585,13,52,1
P4586,13,73,1
P4587,14,40,3
P4588,7,11,4
P4589,15,5,1
P4590,5,24,1
P4591,2,40,1
P4592,6,37,0
P4593,2,54,2
P4594,2,63,4
P4595,0,17,4
P4596,0,47,1
P4597,10,59,2
P4598,14,46,0
P4599,11,75,0
P4600,9,68,0
P4601,12,20,1
P4602,7,64,3
P4603,6,38,0
P4604,3,59,1
P4605,1,63,0
P4606,1,51,2
P4607,14,25,2
P4608,1,15,1
P4609,5,27,0
P4610,10,80,0
P4611,5,32,0
P4612,1,5,4
P4613,3,50,4
P4614,8,16,1
P4615,4,32,3
P4616,6,84,4
P4617,13,12,1
P4618,10,85,3
P4619,15,65,2
P4620,5,36,3
P4621,12,9,2
P4622,11,43,0
P4623,6,20,1
P4624,11,15,0
P4625,15,38,4
P4626,13,67,0
P4627,0,38,2
P4628,8,71,1
P4629,4,35,2
P4630,2,52,3
P4631,7,11,2
P4632,6,36,2
P4633,9,40,4
P4634,3,90,4
P4635,8,57,4
P4636,14,52,3
P4637,9,73,3
P4638,15,70,1
P4639,7,51,3
P4640,12,18,0
P4641,11,42,3
P4642,11,17,4
P4643,6,42,3
P4644,9,26,2
P4645,3,76,4
P4646,7,49,2
P4647,7,90,4
P4648,4,18,1
P4649,14,11,1
P4650,11,62,2
P4651,6,38,4
P4652,2,44,3
P4653,3,57,0
P4654,6,83,4
P4655,11,16,0
P4656,10,55,4
P4657,0,70,4
P4658,2,76,4
P4659,4,49,2
P4660,8,45,3
P4661,13,6,0
P4662,4,19,3
P4663,12,68,1
P4664,6,11,0
P4665,10,35,1
P4666,10,55,0
P4667,12,67,4
P4668,0,37,4
P4669,5,41,4
P4670,1,61,3
P4671,15,55,2
P4672,6,26,2
P4673,5,68,4
P4674,3,42,3
P4675,13,18,1
P4676,3,71,4
P4677,9,11,0
P4678,5,22,0
P4679,5,78,3
P4680,1,65,0
P4681,14,36,3
P4682,3,19,1
P4683,11,27,2
P4684,6,30,0
P4685,1,17,3
P4686,2,14,1
P4687,3,86,2
P4688,14,56,0
P4689,7,31,4
P4690,14,17,3
P4691,10,39,2
P4692,14,72,4
P4693,14,10,1
P4694,5,12,0
P4695,12,24,4
P4696,15,60,1
P4697,15,6,1
P4698,1,36,2
P4699,5,45,4
P4700,9,43,4
P4701,4,16,0
P4702,8,36,1
P4703,7,44,1
P4704,9,68,0
P4705,4,57,1
P4706,4,86,2
P4707,12,42,0
P4708,13,32,0
P4709,15,13,3
P4710,1,41,0
P4711,12,83,3
P4712,13,64,4
P4713,4,67,3
P4714,9,49,2
P4715,13,11,2
P4716,4,45,3
P4717,1,39,2
P4718,0,54,4
P4719,2,11,3
P4720,9,43,2
P4721,0,7,0
P4722,8,18,4
P4723,4,75,2
P4724,2,37,4
P4725,6,55,4
P4726,9,21,4
P4727,10,35,0
P4728,3,38,0
P4729,15,26,4
P4730,12,15,0
P4731,5,69,0
P4732,12,52,4
P4733,3,28,3
P4734,3,47,4
P4735,8,69,3
P4736,2,47,3
P4737,7,69,2
P4738,13,66,1
P4739,5,30,4
P4740,8,19,1
P4741,4,23,0
P4742,8,63,0
P4743,15,32,1
P4744,4,46,3
P4745,8,23,0
P4746,13,81,1
P4747,1,44,1
P4748,4,12,3
P4749,8,81,3
P4750,4,48,3
P4751,6,35,4
P4752,13,17,4
P4753,3,6,1
P4754,4,70,1
P4755,1,88,4
P4756,15,90,4
P4757,5,47,1
P4758,7,27,4
P4759,9,56,4
P4760,5,88,3
P4761,4,71,1
P4762,10,5,2
P4763,12,37,2
P4764,1,81,4
P4765,11,54,1
P4766,2,87,4
P4767,7,24,0
P4768,2,70,2
P4769,15,51,3
P4770,1,68,3
P4771,9,24,4
P4772,9,8,3
P4773,7,69,0
P4774,13,39,4
P4775,4,56,3
P4776,9,31,0
P4777,13,40,3
P4778,9,44,3
P4779,15,88,1
P4780,1,77,1
P4781,13,7,4
P4782,5,11,0
P4783,7,47,2
P4784,12,25,1
P4785,9,36,3
P4786,11,13,3
P4787,0,19,4
P4788,13,12,4
P4789,12,44,2
P4790,15,46,1
P4791,10,12,2
P4792,6,80,2
P4793,10,49,0
P4794,10,20,4
P4795,10,44,3
P4796,2,49,2
P4797,12,35,0
P4798,12,59,0
P4799,5,55,0
P4800,9,34,1
P4801,12,64,2
P4802,6,10,1
P4803,15,89,0
P4804,2,18,0
P4805,2,38,3
P4806,4,52,2
P4807,9,82,4
P4808,10,75,1
P4809,12,13,3
P4810,11,42,0
P4811,15,44,3
P4812,3,6,0
P4813,5,30,3
P4814,9,85,0
P4815,14,11,0
P4816,10,36,2
P4817,8,63,3
P4818,0,25,3
P4819,0,37,1
P4820,8,21,4
P4821,0,47,0
P4822,8,69,1
P4823,3,54,4
P4824,13,89,2
P4825,10,89,3
P4826,15,34,3
P4827,12,5,1
P4828,15,86,0
P4829,3,54,1
P4830,10,64,4
P4831,4,69,1
P4832,4,75,0
P4833,6,64,1
P4834,14,38,0
P4835,15,78,3
P4836,15,29,3
P4837,15,49,3
P4838,7,17,4
P4839,0,75,1
P4840,10,63,2
P4841,6,60,3
P4842,10,19,1
P4843,6,28,2
P4844,6,9,4
P4845,4,35,2
P4846,9,23,1
P4847,13,87,1
P4848,0,45,1
P4849,4,84,0
P4850,15,44,3
P4851,5,15,3
P4852,15,30,1
P4853,6,52,4
P4854,6,37,0
P4855,13,6,4
P4856,7,79,3
P4857,13,40,2
P4858,15,29,0
P4859,8,81,2
P4860,9,61,0
P4861,12,13,4
P4862,7,66,2
P4863,7,68,3
P4864,0,27,2
P4865,11,65,3
P4866,8,47,1
P4867,7,79,4
P4868,15,68,4
P4869,7,77,2
P4870,9,15,4
P4871,14,71,0
P4872,4,47,2
P4873,0,53,2
P4874,14,57,2
P4875,8,65,0
P4876,7,26,3
P4877,13,64,4
P4878,6,43,0
P4879,8,5,2
P4880,4,15,3
P4881,11,37,0
P4882,12,24,4
P4883,3,25,1
P4884,2,75,3
P4885,1,79,4
P4886,9,63,1
P4887,2,26,3
P4888,3,6,1
P4889,8,15,1
P4890,2,9,1
P4891,13,41,1
P4892,11,71,0
P4893,3,61,1
P4894,4,49,3
P4895,8,87,2
P4896,7,55,0
P4897,12,49,3
P4898,6,14,1
P4899,10,34,4
P4900,12,19,0
P4901,15,80,0
P4902,3,23,2
P4903,4,43,4
P4904,7,89,1
P4905,3,82,2
P4906,3,28,1
P4907,9,23,2
P4908,12,36,1
P4909,12,39,1
P4910,1,78,4
P4911,0,27,1
P4912,8,40,4
P4913,4,84,0
P4914,3,53,1
P4915,15,31,0
P4916,2,76,4
P4917,5,87,2
P4918,6,70,4
P4919,2,70,4
P4920,15,47,0
P4921,10,66,4
P4922,13,87,4
P4923,0,63,4
P4924,14,42,1
P4925,13,23,0
P4926,1,84,2
P4927,4,59,3
P4928,5,70,4
P4929,9,87,0
P4930,5,84,1
P4931,7,56,2
P4932,4,56,4
P4933,3,26,3
P4934,0,88,3
P4935,14,57,4
P4936,6,6,0
P4937,14,87,0
P4938,0,27,1
P4939,9,37,2
P4940,2,59,2
P4941,1,41,2
P4942,12,75,2
P4943,0,5,3
P4944,0,45,1
P4945,15,53,2
P4946,14,14,3
P4947,15,48,0
P4948,12,8,3
P4949,5,83,0
P4950,5,34,0
P4951,1,12,4
P4952,1,75,3
P4953,4,36,1
P4954,10,43,2
P4955,11,37,1
P4956,8,83,3
P4957,12,33,3
P4958,2,14,3
P4959,11,62,2
P4960,2,62,0
P4961,5,49,1
P4962,15,47,0
P4963,11,32,4
P4964,5,75,2
P4965,0,71,4
P4966,12,10,1
P4967,5,47,3
P4968,9,19,2
P4969,1,66,0
P4970,9,65,3
P4971,0,86,0
P4972,13,5,2
P4973,3,73,4
P4974,15,70,2
P4975,2,34,1
P4976,3,29,2
P4977,2,75,3
P4978,13,37,4
P4979,10,34,3
P4980,13,31,4
P4981,6,86,3
P4982,6,77,1
P4983,7,42,0
P4984,6,9,0
P4985,10,43,1
P4986,6,79,2
P4987,4,12,0
P4988,13,77,1
P4989,4,36,1
P4990,7,64,1
P4991,11,80,2
P4992,10,78,1
P4993,8,34,3
P4994,14,42,0
P4995,7,65,0
P4996,8,88,0
P4997,3,74,3
P4998,8,24,1
P4999,7,54,3
P5000,6,44,1
